path,absolute,bytes,tracked_files,archive_index,restore,policy
experiments/full_probability/assets,C:\Users\20723\Desktop\2026robocup\upstream-main-20260928\experiments\full_probability\assets,422,0,logs/evidence_archives/INDEX.zip,python tools/workspace_archive.py restore --prefix experiments/full_probability/assets,verified archive first; sparse tracked files; delete archived residuals
experiments/full_probability/builds,C:\Users\20723\Desktop\2026robocup\upstream-main-20260928\experiments\full_probability\builds,860842711,0,logs/evidence_archives/INDEX.zip,python tools/workspace_archive.py restore --prefix experiments/full_probability/builds,verified archive first; sparse tracked files; delete archived residuals
experiments/full_probability/checks,C:\Users\20723\Desktop\2026robocup\upstream-main-20260928\experiments\full_probability\checks,984350434,0,logs/evidence_archives/INDEX.zip,python tools/workspace_archive.py restore --prefix experiments/full_probability/checks,verified archive first; sparse tracked files; delete archived residuals
experiments/full_probability/runs,C:\Users\20723\Desktop\2026robocup\upstream-main-20260928\experiments\full_probability\runs,358830026,0,logs/evidence_archives/INDEX.zip,python tools/workspace_archive.py restore --prefix experiments/full_probability/runs,verified archive first; sparse tracked files; delete archived residuals
src1.7,C:\Users\20723\Desktop\2026robocup\upstream-main-20260928\src1.7,42610319,173,logs/evidence_archives/INDEX.zip,python tools/workspace_archive.py restore --prefix src1.7,verified archive first; sparse tracked files; delete archived residuals
src1.7.1,C:\Users\20723\Desktop\2026robocup\upstream-main-20260928\src1.7.1,163935748,248,logs/evidence_archives/INDEX.zip,python tools/workspace_archive.py restore --prefix src1.7.1,verified archive first; sparse tracked files; delete archived residuals
src1.7.2,C:\Users\20723\Desktop\2026robocup\upstream-main-20260928\src1.7.2,3182241335,288,logs/evidence_archives/INDEX.zip,python tools/workspace_archive.py restore --prefix src1.7.2,verified archive first; sparse tracked files; delete archived residuals
src1.7.3,C:\Users\20723\Desktop\2026robocup\upstream-main-20260928\src1.7.3,1030977686,183,logs/evidence_archives/INDEX.zip,python tools/workspace_archive.py restore --prefix src1.7.3,verified archive first; sparse tracked files; delete archived residuals
src1.7.4,C:\Users\20723\Desktop\2026robocup\upstream-main-20260928\src1.7.4,602285744,185,logs/evidence_archives/INDEX.zip,python tools/workspace_archive.py restore --prefix src1.7.4,verified archive first; sparse tracked files; delete archived residuals
src1.7.5,C:\Users\20723\Desktop\2026robocup\upstream-main-20260928\src1.7.5,1231272,156,logs/evidence_archives/INDEX.zip,python tools/workspace_archive.py restore --prefix src1.7.5,verified archive first; sparse tracked files; delete archived residuals
src1.7.6,C:\Users\20723\Desktop\2026robocup\upstream-main-20260928\src1.7.6,1253063,162,logs/evidence_archives/INDEX.zip,python tools/workspace_archive.py restore --prefix src1.7.6,verified archive first; sparse tracked files; delete archived residuals
src1.7.7,C:\Users\20723\Desktop\2026robocup\upstream-main-20260928\src1.7.7,1284891,167,logs/evidence_archives/INDEX.zip,python tools/workspace_archive.py restore --prefix src1.7.7,verified archive first; sparse tracked files; delete archived residuals
test-results/comprehensive-200-1.6-vs-1.6.4-20260928/assets-v2,C:\Users\20723\Desktop\2026robocup\upstream-main-20260928\test-results\comprehensive-200-1.6-vs-1.6.4-20260928\assets-v2,501,1,logs/evidence_archives/INDEX.zip,python tools/workspace_archive.py restore --prefix test-results/comprehensive-200-1.6-vs-1.6.4-20260928/assets-v2,verified archive first; sparse tracked files; delete archived residuals
test-results/comprehensive-200-1.6-vs-1.6.4-20260928/build-1.6,C:\Users\20723\Desktop\2026robocup\upstream-main-20260928\test-results\comprehensive-200-1.6-vs-1.6.4-20260928\build-1.6,9131516,3,logs/evidence_archives/INDEX.zip,python tools/workspace_archive.py restore --prefix test-results/comprehensive-200-1.6-vs-1.6.4-20260928/build-1.6,verified archive first; sparse tracked files; delete archived residuals
test-results/comprehensive-200-1.6-vs-1.6.4-20260928/build-1.6.4,C:\Users\20723\Desktop\2026robocup\upstream-main-20260928\test-results\comprehensive-200-1.6-vs-1.6.4-20260928\build-1.6.4,10909195,3,logs/evidence_archives/INDEX.zip,python tools/workspace_archive.py restore --prefix test-results/comprehensive-200-1.6-vs-1.6.4-20260928/build-1.6.4,verified archive first; sparse tracked files; delete archived residuals
test-results/comprehensive-200-1.6-vs-1.6.4-20260928/runs,C:\Users\20723\Desktop\2026robocup\upstream-main-20260928\test-results\comprehensive-200-1.6-vs-1.6.4-20260928\runs,395585653,3220,logs/evidence_archives/INDEX.zip,python tools/workspace_archive.py restore --prefix test-results/comprehensive-200-1.6-vs-1.6.4-20260928/runs,verified archive first; sparse tracked files; delete archived residuals
test-results/comprehensive-200-1.6-vs-1.6.4-20260928/runs-v2,C:\Users\20723\Desktop\2026robocup\upstream-main-20260928\test-results\comprehensive-200-1.6-vs-1.6.4-20260928\runs-v2,2021272476,16744,logs/evidence_archives/INDEX.zip,python tools/workspace_archive.py restore --prefix test-results/comprehensive-200-1.6-vs-1.6.4-20260928/runs-v2,verified archive first; sparse tracked files; delete archived residuals
test-results/constraint-regression-src1.5-20260924/11,C:\Users\20723\Desktop\2026robocup\upstream-main-20260928\test-results\constraint-regression-src1.5-20260924\11,83136,4,logs/evidence_archives/INDEX.zip,python tools/workspace_archive.py restore --prefix test-results/constraint-regression-src1.5-20260924/11,verified archive first; sparse tracked files; delete archived residuals
test-results/constraint-regression-src1.5-20260924/22,C:\Users\20723\Desktop\2026robocup\upstream-main-20260928\test-results\constraint-regression-src1.5-20260924\22,281300,4,logs/evidence_archives/INDEX.zip,python tools/workspace_archive.py restore --prefix test-results/constraint-regression-src1.5-20260924/22,verified archive first; sparse tracked files; delete archived residuals
test-results/constraint-tradeoff-src1.5-20260924-implemented/01-one-goal-loss-it,C:\Users\20723\Desktop\2026robocup\upstream-main-20260928\test-results\constraint-tradeoff-src1.5-20260924-implemented\01-one-goal-loss-it,15150,4,logs/evidence_archives/INDEX.zip,python tools/workspace_archive.py restore --prefix test-results/constraint-tradeoff-src1.5-20260924-implemented/01-one-goal-loss-it,verified archive first; sparse tracked files; delete archived residuals
test-results/constraint-tradeoff-src1.5-20260924-implemented/01-one-goal-loss-it-no-action,C:\Users\20723\Desktop\2026robocup\upstream-main-20260928\test-results\constraint-tradeoff-src1.5-20260924-implemented\01-one-goal-loss-it-no-action,2108,4,logs/evidence_archives/INDEX.zip,python tools/workspace_archive.py restore --prefix test-results/constraint-tradeoff-src1.5-20260924-implemented/01-one-goal-loss-it-no-action,verified archive first; sparse tracked files; delete archived residuals
test-results/constraint-tradeoff-src1.5-20260924-implemented/01-one-goal-loss-nt,C:\Users\20723\Desktop\2026robocup\upstream-main-20260928\test-results\constraint-tradeoff-src1.5-20260924-implemented\01-one-goal-loss-nt,15849,4,logs/evidence_archives/INDEX.zip,python tools/workspace_archive.py restore --prefix test-results/constraint-tradeoff-src1.5-20260924-implemented/01-one-goal-loss-nt,verified archive first; sparse tracked files; delete archived residuals
test-results/constraint-tradeoff-src1.5-20260924-implemented/01-one-goal-loss-nt-no-action,C:\Users\20723\Desktop\2026robocup\upstream-main-20260928\test-results\constraint-tradeoff-src1.5-20260924-implemented\01-one-goal-loss-nt-no-action,2107,4,logs/evidence_archives/INDEX.zip,python tools/workspace_archive.py restore --prefix test-results/constraint-tradeoff-src1.5-20260924-implemented/01-one-goal-loss-nt-no-action,verified archive first; sparse tracked files; delete archived residuals
test-results/constraint-tradeoff-src1.5-20260924-implemented/02-two-goal-profit-it,C:\Users\20723\Desktop\2026robocup\upstream-main-20260928\test-results\constraint-tradeoff-src1.5-20260924-implemented\02-two-goal-profit-it,17029,4,logs/evidence_archives/INDEX.zip,python tools/workspace_archive.py restore --prefix test-results/constraint-tradeoff-src1.5-20260924-implemented/02-two-goal-profit-it,verified archive first; sparse tracked files; delete archived residuals
test-results/constraint-tradeoff-src1.5-20260924-implemented/02-two-goal-profit-it-no-action,C:\Users\20723\Desktop\2026robocup\upstream-main-20260928\test-results\constraint-tradeoff-src1.5-20260924-implemented\02-two-goal-profit-it-no-action,2116,4,logs/evidence_archives/INDEX.zip,python tools/workspace_archive.py restore --prefix test-results/constraint-tradeoff-src1.5-20260924-implemented/02-two-goal-profit-it-no-action,verified archive first; sparse tracked files; delete archived residuals
test-results/constraint-tradeoff-src1.5-20260924-implemented/02-two-goal-profit-nt,C:\Users\20723\Desktop\2026robocup\upstream-main-20260928\test-results\constraint-tradeoff-src1.5-20260924-implemented\02-two-goal-profit-nt,17892,4,logs/evidence_archives/INDEX.zip,python tools/workspace_archive.py restore --prefix test-results/constraint-tradeoff-src1.5-20260924-implemented/02-two-goal-profit-nt,verified archive first; sparse tracked files; delete archived residuals
test-results/constraint-tradeoff-src1.5-20260924-implemented/02-two-goal-profit-nt-no-action,C:\Users\20723\Desktop\2026robocup\upstream-main-20260928\test-results\constraint-tradeoff-src1.5-20260924-implemented\02-two-goal-profit-nt-no-action,2115,4,logs/evidence_archives/INDEX.zip,python tools/workspace_archive.py restore --prefix test-results/constraint-tradeoff-src1.5-20260924-implemented/02-two-goal-profit-nt-no-action,verified archive first; sparse tracked files; delete archived residuals
test-results/constraint-tradeoff-src1.5-20260924-implemented/03-four-goal-reordered-it,C:\Users\20723\Desktop\2026robocup\upstream-main-20260928\test-results\constraint-tradeoff-src1.5-20260924-implemented\03-four-goal-reordered-it,31382,4,logs/evidence_archives/INDEX.zip,python tools/workspace_archive.py restore --prefix test-results/constraint-tradeoff-src1.5-20260924-implemented/03-four-goal-reordered-it,verified archive first; sparse tracked files; delete archived residuals
test-results/constraint-tradeoff-src1.5-20260924-implemented/03-four-goal-reordered-it-no-action,C:\Users\20723\Desktop\2026robocup\upstream-main-20260928\test-results\constraint-tradeoff-src1.5-20260924-implemented\03-four-goal-reordered-it-no-action,2131,4,logs/evidence_archives/INDEX.zip,python tools/workspace_archive.py restore --prefix test-results/constraint-tradeoff-src1.5-20260924-implemented/03-four-goal-reordered-it-no-action,verified archive first; sparse tracked files; delete archived residuals
test-results/constraint-tradeoff-src1.5-20260924-implemented/03-four-goal-reordered-nt,C:\Users\20723\Desktop\2026robocup\upstream-main-20260928\test-results\constraint-tradeoff-src1.5-20260924-implemented\03-four-goal-reordered-nt,32676,4,logs/evidence_archives/INDEX.zip,python tools/workspace_archive.py restore --prefix test-results/constraint-tradeoff-src1.5-20260924-implemented/03-four-goal-reordered-nt,verified archive first; sparse tracked files; delete archived residuals
test-results/constraint-tradeoff-src1.5-20260924-implemented/03-four-goal-reordered-nt-no-action,C:\Users\20723\Desktop\2026robocup\upstream-main-20260928\test-results\constraint-tradeoff-src1.5-20260924-implemented\03-four-goal-reordered-nt-no-action,2131,4,logs/evidence_archives/INDEX.zip,python tools/workspace_archive.py restore --prefix test-results/constraint-tradeoff-src1.5-20260924-implemented/03-four-goal-reordered-nt-no-action,verified archive first; sparse tracked files; delete archived residuals
test-results/constraint-tradeoff-src1.5-20260924-implemented/04-stage2-two-goal-it,C:\Users\20723\Desktop\2026robocup\upstream-main-20260928\test-results\constraint-tradeoff-src1.5-20260924-implemented\04-stage2-two-goal-it,17814,4,logs/evidence_archives/INDEX.zip,python tools/workspace_archive.py restore --prefix test-results/constraint-tradeoff-src1.5-20260924-implemented/04-stage2-two-goal-it,verified archive first; sparse tracked files; delete archived residuals
test-results/constraint-tradeoff-src1.5-20260924-implemented/04-stage2-two-goal-it-no-action,C:\Users\20723\Desktop\2026robocup\upstream-main-20260928\test-results\constraint-tradeoff-src1.5-20260924-implemented\04-stage2-two-goal-it-no-action,2116,4,logs/evidence_archives/INDEX.zip,python tools/workspace_archive.py restore --prefix test-results/constraint-tradeoff-src1.5-20260924-implemented/04-stage2-two-goal-it-no-action,verified archive first; sparse tracked files; delete archived residuals
test-results/constraint-tradeoff-src1.5-20260924-implemented/04-stage2-two-goal-nt,C:\Users\20723\Desktop\2026robocup\upstream-main-20260928\test-results\constraint-tradeoff-src1.5-20260924-implemented\04-stage2-two-goal-nt,18817,4,logs/evidence_archives/INDEX.zip,python tools/workspace_archive.py restore --prefix test-results/constraint-tradeoff-src1.5-20260924-implemented/04-stage2-two-goal-nt,verified archive first; sparse tracked files; delete archived residuals
test-results/constraint-tradeoff-src1.5-20260924-implemented/04-stage2-two-goal-nt-no-action,C:\Users\20723\Desktop\2026robocup\upstream-main-20260928\test-results\constraint-tradeoff-src1.5-20260924-implemented\04-stage2-two-goal-nt-no-action,2116,4,logs/evidence_archives/INDEX.zip,python tools/workspace_archive.py restore --prefix test-results/constraint-tradeoff-src1.5-20260924-implemented/04-stage2-two-goal-nt-no-action,verified archive first; sparse tracked files; delete archived residuals
test-results/constraint-tradeoff-src1.5-20260924-implemented/05-near-shared-goals-it,C:\Users\20723\Desktop\2026robocup\upstream-main-20260928\test-results\constraint-tradeoff-src1.5-20260924-implemented\05-near-shared-goals-it,17352,4,logs/evidence_archives/INDEX.zip,python tools/workspace_archive.py restore --prefix test-results/constraint-tradeoff-src1.5-20260924-implemented/05-near-shared-goals-it,verified archive first; sparse tracked files; delete archived residuals
test-results/constraint-tradeoff-src1.5-20260924-implemented/05-near-shared-goals-it-no-action,C:\Users\20723\Desktop\2026robocup\upstream-main-20260928\test-results\constraint-tradeoff-src1.5-20260924-implemented\05-near-shared-goals-it-no-action,2124,4,logs/evidence_archives/INDEX.zip,python tools/workspace_archive.py restore --prefix test-results/constraint-tradeoff-src1.5-20260924-implemented/05-near-shared-goals-it-no-action,verified archive first; sparse tracked files; delete archived residuals
test-results/constraint-tradeoff-src1.5-20260924-implemented/05-near-shared-goals-nt,C:\Users\20723\Desktop\2026robocup\upstream-main-20260928\test-results\constraint-tradeoff-src1.5-20260924-implemented\05-near-shared-goals-nt,18581,4,logs/evidence_archives/INDEX.zip,python tools/workspace_archive.py restore --prefix test-results/constraint-tradeoff-src1.5-20260924-implemented/05-near-shared-goals-nt,verified archive first; sparse tracked files; delete archived residuals
test-results/constraint-tradeoff-src1.5-20260924-implemented/05-near-shared-goals-nt-no-action,C:\Users\20723\Desktop\2026robocup\upstream-main-20260928\test-results\constraint-tradeoff-src1.5-20260924-implemented\05-near-shared-goals-nt-no-action,2124,4,logs/evidence_archives/INDEX.zip,python tools/workspace_archive.py restore --prefix test-results/constraint-tradeoff-src1.5-20260924-implemented/05-near-shared-goals-nt-no-action,verified archive first; sparse tracked files; delete archived residuals
test-results/constraint-tradeoff-src1.5-20260924-implemented/06-inside-shared-goals-it,C:\Users\20723\Desktop\2026robocup\upstream-main-20260928\test-results\constraint-tradeoff-src1.5-20260924-implemented\06-inside-shared-goals-it,18842,4,logs/evidence_archives/INDEX.zip,python tools/workspace_archive.py restore --prefix test-results/constraint-tradeoff-src1.5-20260924-implemented/06-inside-shared-goals-it,verified archive first; sparse tracked files; delete archived residuals
test-results/constraint-tradeoff-src1.5-20260924-implemented/06-inside-shared-goals-it-no-action,C:\Users\20723\Desktop\2026robocup\upstream-main-20260928\test-results\constraint-tradeoff-src1.5-20260924-implemented\06-inside-shared-goals-it-no-action,2120,4,logs/evidence_archives/INDEX.zip,python tools/workspace_archive.py restore --prefix test-results/constraint-tradeoff-src1.5-20260924-implemented/06-inside-shared-goals-it-no-action,verified archive first; sparse tracked files; delete archived residuals
test-results/constraint-tradeoff-src1.5-20260924-implemented/06-inside-shared-goals-nt,C:\Users\20723\Desktop\2026robocup\upstream-main-20260928\test-results\constraint-tradeoff-src1.5-20260924-implemented\06-inside-shared-goals-nt,19894,4,logs/evidence_archives/INDEX.zip,python tools/workspace_archive.py restore --prefix test-results/constraint-tradeoff-src1.5-20260924-implemented/06-inside-shared-goals-nt,verified archive first; sparse tracked files; delete archived residuals
test-results/constraint-tradeoff-src1.5-20260924-implemented/06-inside-shared-goals-nt-no-action,C:\Users\20723\Desktop\2026robocup\upstream-main-20260928\test-results\constraint-tradeoff-src1.5-20260924-implemented\06-inside-shared-goals-nt-no-action,2120,4,logs/evidence_archives/INDEX.zip,python tools/workspace_archive.py restore --prefix test-results/constraint-tradeoff-src1.5-20260924-implemented/06-inside-shared-goals-nt-no-action,verified archive first; sparse tracked files; delete archived residuals
test-results/constraint-tradeoff-src1.5-20260924-implemented/07-existing-four-goal-it,C:\Users\20723\Desktop\2026robocup\upstream-main-20260928\test-results\constraint-tradeoff-src1.5-20260924-implemented\07-existing-four-goal-it,31708,4,logs/evidence_archives/INDEX.zip,python tools/workspace_archive.py restore --prefix test-results/constraint-tradeoff-src1.5-20260924-implemented/07-existing-four-goal-it,verified archive first; sparse tracked files; delete archived residuals
test-results/constraint-tradeoff-src1.5-20260924-implemented/07-existing-four-goal-it-no-action,C:\Users\20723\Desktop\2026robocup\upstream-main-20260928\test-results\constraint-tradeoff-src1.5-20260924-implemented\07-existing-four-goal-it-no-action,2096,4,logs/evidence_archives/INDEX.zip,python tools/workspace_archive.py restore --prefix test-results/constraint-tradeoff-src1.5-20260924-implemented/07-existing-four-goal-it-no-action,verified archive first; sparse tracked files; delete archived residuals
test-results/constraint-tradeoff-src1.5-20260924-implemented/07-existing-four-goal-nt,C:\Users\20723\Desktop\2026robocup\upstream-main-20260928\test-results\constraint-tradeoff-src1.5-20260924-implemented\07-existing-four-goal-nt,33002,4,logs/evidence_archives/INDEX.zip,python tools/workspace_archive.py restore --prefix test-results/constraint-tradeoff-src1.5-20260924-implemented/07-existing-four-goal-nt,verified archive first; sparse tracked files; delete archived residuals
test-results/constraint-tradeoff-src1.5-20260924-implemented/07-existing-four-goal-nt-no-action,C:\Users\20723\Desktop\2026robocup\upstream-main-20260928\test-results\constraint-tradeoff-src1.5-20260924-implemented\07-existing-four-goal-nt-no-action,2095,4,logs/evidence_archives/INDEX.zip,python tools/workspace_archive.py restore --prefix test-results/constraint-tradeoff-src1.5-20260924-implemented/07-existing-four-goal-nt-no-action,verified archive first; sparse tracked files; delete archived residuals
test-results/constraint-tradeoff-src1.5-20260924-implemented/build,C:\Users\20723\Desktop\2026robocup\upstream-main-20260928\test-results\constraint-tradeoff-src1.5-20260924-implemented\build,3454,1,logs/evidence_archives/INDEX.zip,python tools/workspace_archive.py restore --prefix test-results/constraint-tradeoff-src1.5-20260924-implemented/build,verified archive first; sparse tracked files; delete archived residuals
test-results/liuyifan1.0-20260924-final/build-fixed,C:\Users\20723\Desktop\2026robocup\upstream-main-20260928\test-results\liuyifan1.0-20260924-final\build-fixed,38213,2,logs/evidence_archives/INDEX.zip,python tools/workspace_archive.py restore --prefix test-results/liuyifan1.0-20260924-final/build-fixed,verified archive first; sparse tracked files; delete archived residuals
test-results/liuyifan1.0-20260924-final/fixed-20260924-03-it,C:\Users\20723\Desktop\2026robocup\upstream-main-20260928\test-results\liuyifan1.0-20260924-final\fixed-20260924-03-it,37165,21,logs/evidence_archives/INDEX.zip,python tools/workspace_archive.py restore --prefix test-results/liuyifan1.0-20260924-final/fixed-20260924-03-it,verified archive first; sparse tracked files; delete archived residuals
test-results/liuyifan1.0-20260924-final/fixed-20260924-03-nt,C:\Users\20723\Desktop\2026robocup\upstream-main-20260928\test-results\liuyifan1.0-20260924-final\fixed-20260924-03-nt,38419,21,logs/evidence_archives/INDEX.zip,python tools/workspace_archive.py restore --prefix test-results/liuyifan1.0-20260924-final/fixed-20260924-03-nt,verified archive first; sparse tracked files; delete archived residuals
test-results/liuyifan1.0-20260924-final/fixed-20260924-04-it,C:\Users\20723\Desktop\2026robocup\upstream-main-20260928\test-results\liuyifan1.0-20260924-final\fixed-20260924-04-it,49287,21,logs/evidence_archives/INDEX.zip,python tools/workspace_archive.py restore --prefix test-results/liuyifan1.0-20260924-final/fixed-20260924-04-it,verified archive first; sparse tracked files; delete archived residuals
test-results/liuyifan1.0-20260924-final/fixed-20260924-04-nt,C:\Users\20723\Desktop\2026robocup\upstream-main-20260928\test-results\liuyifan1.0-20260924-final\fixed-20260924-04-nt,50398,21,logs/evidence_archives/INDEX.zip,python tools/workspace_archive.py restore --prefix test-results/liuyifan1.0-20260924-final/fixed-20260924-04-nt,verified archive first; sparse tracked files; delete archived residuals
test-results/liuyifan1.0-20260924-final/fixed-20260925-03-it,C:\Users\20723\Desktop\2026robocup\upstream-main-20260928\test-results\liuyifan1.0-20260924-final\fixed-20260925-03-it,37163,21,logs/evidence_archives/INDEX.zip,python tools/workspace_archive.py restore --prefix test-results/liuyifan1.0-20260924-final/fixed-20260925-03-it,verified archive first; sparse tracked files; delete archived residuals
test-results/liuyifan1.0-20260924-final/fixed-20260925-03-nt,C:\Users\20723\Desktop\2026robocup\upstream-main-20260928\test-results\liuyifan1.0-20260924-final\fixed-20260925-03-nt,38419,21,logs/evidence_archives/INDEX.zip,python tools/workspace_archive.py restore --prefix test-results/liuyifan1.0-20260924-final/fixed-20260925-03-nt,verified archive first; sparse tracked files; delete archived residuals
test-results/liuyifan1.0-20260924-final/fixed-20260925-04-it,C:\Users\20723\Desktop\2026robocup\upstream-main-20260928\test-results\liuyifan1.0-20260924-final\fixed-20260925-04-it,49285,21,logs/evidence_archives/INDEX.zip,python tools/workspace_archive.py restore --prefix test-results/liuyifan1.0-20260924-final/fixed-20260925-04-it,verified archive first; sparse tracked files; delete archived residuals
test-results/liuyifan1.0-20260924-final/fixed-20260925-04-nt,C:\Users\20723\Desktop\2026robocup\upstream-main-20260928\test-results\liuyifan1.0-20260924-final\fixed-20260925-04-nt,50393,21,logs/evidence_archives/INDEX.zip,python tools/workspace_archive.py restore --prefix test-results/liuyifan1.0-20260924-final/fixed-20260925-04-nt,verified archive first; sparse tracked files; delete archived residuals
test-results/liuyifan1.0-20260924-final/fixed-natural-01-it,C:\Users\20723\Desktop\2026robocup\upstream-main-20260928\test-results\liuyifan1.0-20260924-final\fixed-natural-01-it,44189,21,logs/evidence_archives/INDEX.zip,python tools/workspace_archive.py restore --prefix test-results/liuyifan1.0-20260924-final/fixed-natural-01-it,verified archive first; sparse tracked files; delete archived residuals
test-results/liuyifan1.0-20260924-final/fixed-natural-01-nt,C:\Users\20723\Desktop\2026robocup\upstream-main-20260928\test-results\liuyifan1.0-20260924-final\fixed-natural-01-nt,45037,21,logs/evidence_archives/INDEX.zip,python tools/workspace_archive.py restore --prefix test-results/liuyifan1.0-20260924-final/fixed-natural-01-nt,verified archive first; sparse tracked files; delete archived residuals
test-results/liuyifan1.0-20260924-final/fixed-natural-02-it,C:\Users\20723\Desktop\2026robocup\upstream-main-20260928\test-results\liuyifan1.0-20260924-final\fixed-natural-02-it,43408,21,logs/evidence_archives/INDEX.zip,python tools/workspace_archive.py restore --prefix test-results/liuyifan1.0-20260924-final/fixed-natural-02-it,verified archive first; sparse tracked files; delete archived residuals
test-results/liuyifan1.0-20260924-final/fixed-natural-02-nt,C:\Users\20723\Desktop\2026robocup\upstream-main-20260928\test-results\liuyifan1.0-20260924-final\fixed-natural-02-nt,44613,21,logs/evidence_archives/INDEX.zip,python tools/workspace_archive.py restore --prefix test-results/liuyifan1.0-20260924-final/fixed-natural-02-nt,verified archive first; sparse tracked files; delete archived residuals
test-results/liuyifan1.0-20260924-final/fixed-natural-03-it,C:\Users\20723\Desktop\2026robocup\upstream-main-20260928\test-results\liuyifan1.0-20260924-final\fixed-natural-03-it,37131,21,logs/evidence_archives/INDEX.zip,python tools/workspace_archive.py restore --prefix test-results/liuyifan1.0-20260924-final/fixed-natural-03-it,verified archive first; sparse tracked files; delete archived residuals
test-results/liuyifan1.0-20260924-final/fixed-natural-03-nt,C:\Users\20723\Desktop\2026robocup\upstream-main-20260928\test-results\liuyifan1.0-20260924-final\fixed-natural-03-nt,38385,21,logs/evidence_archives/INDEX.zip,python tools/workspace_archive.py restore --prefix test-results/liuyifan1.0-20260924-final/fixed-natural-03-nt,verified archive first; sparse tracked files; delete archived residuals
test-results/liuyifan1.0-20260924-final/fixed-natural-04-it,C:\Users\20723\Desktop\2026robocup\upstream-main-20260928\test-results\liuyifan1.0-20260924-final\fixed-natural-04-it,49255,21,logs/evidence_archives/INDEX.zip,python tools/workspace_archive.py restore --prefix test-results/liuyifan1.0-20260924-final/fixed-natural-04-it,verified archive first; sparse tracked files; delete archived residuals
test-results/liuyifan1.0-20260924-final/fixed-natural-04-nt,C:\Users\20723\Desktop\2026robocup\upstream-main-20260928\test-results\liuyifan1.0-20260924-final\fixed-natural-04-nt,50364,21,logs/evidence_archives/INDEX.zip,python tools/workspace_archive.py restore --prefix test-results/liuyifan1.0-20260924-final/fixed-natural-04-nt,verified archive first; sparse tracked files; delete archived residuals
test-results/liuyifan1.0-20260924-final/fixed-natural-05-it,C:\Users\20723\Desktop\2026robocup\upstream-main-20260928\test-results\liuyifan1.0-20260924-final\fixed-natural-05-it,41712,21,logs/evidence_archives/INDEX.zip,python tools/workspace_archive.py restore --prefix test-results/liuyifan1.0-20260924-final/fixed-natural-05-it,verified archive first; sparse tracked files; delete archived residuals
test-results/liuyifan1.0-20260924-final/fixed-natural-05-nt,C:\Users\20723\Desktop\2026robocup\upstream-main-20260928\test-results\liuyifan1.0-20260924-final\fixed-natural-05-nt,42584,21,logs/evidence_archives/INDEX.zip,python tools/workspace_archive.py restore --prefix test-results/liuyifan1.0-20260924-final/fixed-natural-05-nt,verified archive first; sparse tracked files; delete archived residuals
test-results/liuyifan1.0-20260924-final/fixed-natural-06-it,C:\Users\20723\Desktop\2026robocup\upstream-main-20260928\test-results\liuyifan1.0-20260924-final\fixed-natural-06-it,37236,21,logs/evidence_archives/INDEX.zip,python tools/workspace_archive.py restore --prefix test-results/liuyifan1.0-20260924-final/fixed-natural-06-it,verified archive first; sparse tracked files; delete archived residuals
test-results/liuyifan1.0-20260924-final/fixed-natural-06-nt,C:\Users\20723\Desktop\2026robocup\upstream-main-20260928\test-results\liuyifan1.0-20260924-final\fixed-natural-06-nt,38522,21,logs/evidence_archives/INDEX.zip,python tools/workspace_archive.py restore --prefix test-results/liuyifan1.0-20260924-final/fixed-natural-06-nt,verified archive first; sparse tracked files; delete archived residuals
test-results/liuyifan1.0-20260924-final/parse,C:\Users\20723\Desktop\2026robocup\upstream-main-20260928\test-results\liuyifan1.0-20260924-final\parse,54154,37,logs/evidence_archives/INDEX.zip,python tools/workspace_archive.py restore --prefix test-results/liuyifan1.0-20260924-final/parse,verified archive first; sparse tracked files; delete archived residuals
test-results/liuyifan1.0-20260924-final/reference-natural-01-it,C:\Users\20723\Desktop\2026robocup\upstream-main-20260928\test-results\liuyifan1.0-20260924-final\reference-natural-01-it,28771,21,logs/evidence_archives/INDEX.zip,python tools/workspace_archive.py restore --prefix test-results/liuyifan1.0-20260924-final/reference-natural-01-it,verified archive first; sparse tracked files; delete archived residuals
test-results/liuyifan1.0-20260924-final/reference-natural-02-it,C:\Users\20723\Desktop\2026robocup\upstream-main-20260928\test-results\liuyifan1.0-20260924-final\reference-natural-02-it,28575,21,logs/evidence_archives/INDEX.zip,python tools/workspace_archive.py restore --prefix test-results/liuyifan1.0-20260924-final/reference-natural-02-it,verified archive first; sparse tracked files; delete archived residuals
test-results/liuyifan1.0-20260924-final/reference-natural-03-it,C:\Users\20723\Desktop\2026robocup\upstream-main-20260928\test-results\liuyifan1.0-20260924-final\reference-natural-03-it,25260,21,logs/evidence_archives/INDEX.zip,python tools/workspace_archive.py restore --prefix test-results/liuyifan1.0-20260924-final/reference-natural-03-it,verified archive first; sparse tracked files; delete archived residuals
test-results/liuyifan1.0-20260924-final/reference-natural-04-it,C:\Users\20723\Desktop\2026robocup\upstream-main-20260928\test-results\liuyifan1.0-20260924-final\reference-natural-04-it,29354,21,logs/evidence_archives/INDEX.zip,python tools/workspace_archive.py restore --prefix test-results/liuyifan1.0-20260924-final/reference-natural-04-it,verified archive first; sparse tracked files; delete archived residuals
test-results/liuyifan1.0-20260924-final/reference-natural-05-it,C:\Users\20723\Desktop\2026robocup\upstream-main-20260928\test-results\liuyifan1.0-20260924-final\reference-natural-05-it,26121,21,logs/evidence_archives/INDEX.zip,python tools/workspace_archive.py restore --prefix test-results/liuyifan1.0-20260924-final/reference-natural-05-it,verified archive first; sparse tracked files; delete archived residuals
test-results/liuyifan1.0-20260924-final/reference-natural-06-it,C:\Users\20723\Desktop\2026robocup\upstream-main-20260928\test-results\liuyifan1.0-20260924-final\reference-natural-06-it,24870,21,logs/evidence_archives/INDEX.zip,python tools/workspace_archive.py restore --prefix test-results/liuyifan1.0-20260924-final/reference-natural-06-it,verified archive first; sparse tracked files; delete archived residuals
test-results/liuyifan1.0-20260924/build-fixed,C:\Users\20723\Desktop\2026robocup\upstream-main-20260928\test-results\liuyifan1.0-20260924\build-fixed,38213,2,logs/evidence_archives/INDEX.zip,python tools/workspace_archive.py restore --prefix test-results/liuyifan1.0-20260924/build-fixed,verified archive first; sparse tracked files; delete archived residuals
test-results/liuyifan1.0-20260924/parse,C:\Users\20723\Desktop\2026robocup\upstream-main-20260928\test-results\liuyifan1.0-20260924\parse,56987,37,logs/evidence_archives/INDEX.zip,python tools/workspace_archive.py restore --prefix test-results/liuyifan1.0-20260924/parse,verified archive first; sparse tracked files; delete archived residuals
test-results/liuyifan1.0-20260924/reference-natural-01-it,C:\Users\20723\Desktop\2026robocup\upstream-main-20260928\test-results\liuyifan1.0-20260924\reference-natural-01-it,28585,21,logs/evidence_archives/INDEX.zip,python tools/workspace_archive.py restore --prefix test-results/liuyifan1.0-20260924/reference-natural-01-it,verified archive first; sparse tracked files; delete archived residuals
test-results/liuyifan1.0-20260924/reference-natural-02-it,C:\Users\20723\Desktop\2026robocup\upstream-main-20260928\test-results\liuyifan1.0-20260924\reference-natural-02-it,28389,21,logs/evidence_archives/INDEX.zip,python tools/workspace_archive.py restore --prefix test-results/liuyifan1.0-20260924/reference-natural-02-it,verified archive first; sparse tracked files; delete archived residuals
test-results/liuyifan1.0-20260924/reference-natural-03-it,C:\Users\20723\Desktop\2026robocup\upstream-main-20260928\test-results\liuyifan1.0-20260924\reference-natural-03-it,25067,21,logs/evidence_archives/INDEX.zip,python tools/workspace_archive.py restore --prefix test-results/liuyifan1.0-20260924/reference-natural-03-it,verified archive first; sparse tracked files; delete archived residuals
test-results/liuyifan1.0-20260924/reference-natural-04-it,C:\Users\20723\Desktop\2026robocup\upstream-main-20260928\test-results\liuyifan1.0-20260924\reference-natural-04-it,29166,21,logs/evidence_archives/INDEX.zip,python tools/workspace_archive.py restore --prefix test-results/liuyifan1.0-20260924/reference-natural-04-it,verified archive first; sparse tracked files; delete archived residuals
test-results/liuyifan1.0-20260924/reference-natural-05-it,C:\Users\20723\Desktop\2026robocup\upstream-main-20260928\test-results\liuyifan1.0-20260924\reference-natural-05-it,25933,21,logs/evidence_archives/INDEX.zip,python tools/workspace_archive.py restore --prefix test-results/liuyifan1.0-20260924/reference-natural-05-it,verified archive first; sparse tracked files; delete archived residuals
test-results/liuyifan1.0-20260924/reference-natural-06-it,C:\Users\20723\Desktop\2026robocup\upstream-main-20260928\test-results\liuyifan1.0-20260924\reference-natural-06-it,22071,20,logs/evidence_archives/INDEX.zip,python tools/workspace_archive.py restore --prefix test-results/liuyifan1.0-20260924/reference-natural-06-it,verified archive first; sparse tracked files; delete archived residuals
test-results/liuyifan1.0-src1.4-20260924/01-it,C:\Users\20723\Desktop\2026robocup\upstream-main-20260928\test-results\liuyifan1.0-src1.4-20260924\01-it,2468274,21,logs/evidence_archives/INDEX.zip,python tools/workspace_archive.py restore --prefix test-results/liuyifan1.0-src1.4-20260924/01-it,verified archive first; sparse tracked files; delete archived residuals
test-results/liuyifan1.0-src1.4-20260924/01-nt,C:\Users\20723\Desktop\2026robocup\upstream-main-20260928\test-results\liuyifan1.0-src1.4-20260924\01-nt,2469197,21,logs/evidence_archives/INDEX.zip,python tools/workspace_archive.py restore --prefix test-results/liuyifan1.0-src1.4-20260924/01-nt,verified archive first; sparse tracked files; delete archived residuals
test-results/liuyifan1.0-src1.4-20260924/02-it,C:\Users\20723\Desktop\2026robocup\upstream-main-20260928\test-results\liuyifan1.0-src1.4-20260924\02-it,2466560,21,logs/evidence_archives/INDEX.zip,python tools/workspace_archive.py restore --prefix test-results/liuyifan1.0-src1.4-20260924/02-it,verified archive first; sparse tracked files; delete archived residuals
test-results/liuyifan1.0-src1.4-20260924/02-nt,C:\Users\20723\Desktop\2026robocup\upstream-main-20260928\test-results\liuyifan1.0-src1.4-20260924\02-nt,2467864,21,logs/evidence_archives/INDEX.zip,python tools/workspace_archive.py restore --prefix test-results/liuyifan1.0-src1.4-20260924/02-nt,verified archive first; sparse tracked files; delete archived residuals
test-results/liuyifan1.0-src1.4-20260924/03-it,C:\Users\20723\Desktop\2026robocup\upstream-main-20260928\test-results\liuyifan1.0-src1.4-20260924\03-it,2460860,21,logs/evidence_archives/INDEX.zip,python tools/workspace_archive.py restore --prefix test-results/liuyifan1.0-src1.4-20260924/03-it,verified archive first; sparse tracked files; delete archived residuals
test-results/liuyifan1.0-src1.4-20260924/03-nt,C:\Users\20723\Desktop\2026robocup\upstream-main-20260928\test-results\liuyifan1.0-src1.4-20260924\03-nt,2462224,21,logs/evidence_archives/INDEX.zip,python tools/workspace_archive.py restore --prefix test-results/liuyifan1.0-src1.4-20260924/03-nt,verified archive first; sparse tracked files; delete archived residuals
test-results/liuyifan1.0-src1.4-20260924/04-it,C:\Users\20723\Desktop\2026robocup\upstream-main-20260928\test-results\liuyifan1.0-src1.4-20260924\04-it,2468361,21,logs/evidence_archives/INDEX.zip,python tools/workspace_archive.py restore --prefix test-results/liuyifan1.0-src1.4-20260924/04-it,verified archive first; sparse tracked files; delete archived residuals
test-results/liuyifan1.0-src1.4-20260924/04-nt,C:\Users\20723\Desktop\2026robocup\upstream-main-20260928\test-results\liuyifan1.0-src1.4-20260924\04-nt,2469575,21,logs/evidence_archives/INDEX.zip,python tools/workspace_archive.py restore --prefix test-results/liuyifan1.0-src1.4-20260924/04-nt,verified archive first; sparse tracked files; delete archived residuals
test-results/liuyifan1.0-src1.4-20260924/05-it,C:\Users\20723\Desktop\2026robocup\upstream-main-20260928\test-results\liuyifan1.0-src1.4-20260924\05-it,2464986,21,logs/evidence_archives/INDEX.zip,python tools/workspace_archive.py restore --prefix test-results/liuyifan1.0-src1.4-20260924/05-it,verified archive first; sparse tracked files; delete archived residuals
test-results/liuyifan1.0-src1.4-20260924/05-nt,C:\Users\20723\Desktop\2026robocup\upstream-main-20260928\test-results\liuyifan1.0-src1.4-20260924\05-nt,2465943,21,logs/evidence_archives/INDEX.zip,python tools/workspace_archive.py restore --prefix test-results/liuyifan1.0-src1.4-20260924/05-nt,verified archive first; sparse tracked files; delete archived residuals
test-results/liuyifan1.0-src1.4-20260924/06-it,C:\Users\20723\Desktop\2026robocup\upstream-main-20260928\test-results\liuyifan1.0-src1.4-20260924\06-it,2461459,21,logs/evidence_archives/INDEX.zip,python tools/workspace_archive.py restore --prefix test-results/liuyifan1.0-src1.4-20260924/06-it,verified archive first; sparse tracked files; delete archived residuals
test-results/liuyifan1.0-src1.4-20260924/06-nt,C:\Users\20723\Desktop\2026robocup\upstream-main-20260928\test-results\liuyifan1.0-src1.4-20260924\06-nt,2462856,21,logs/evidence_archives/INDEX.zip,python tools/workspace_archive.py restore --prefix test-results/liuyifan1.0-src1.4-20260924/06-nt,verified archive first; sparse tracked files; delete archived residuals
test-results/liuyifan1.0-src1.4-20260924/build,C:\Users\20723\Desktop\2026robocup\upstream-main-20260928\test-results\liuyifan1.0-src1.4-20260924\build,8589799,3,logs/evidence_archives/INDEX.zip,python tools/workspace_archive.py restore --prefix test-results/liuyifan1.0-src1.4-20260924/build,verified archive first; sparse tracked files; delete archived residuals
test-results/liuyifan1.0-src1.4-final-20260924/01-it,C:\Users\20723\Desktop\2026robocup\upstream-main-20260928\test-results\liuyifan1.0-src1.4-final-20260924\01-it,2468304,21,logs/evidence_archives/INDEX.zip,python tools/workspace_archive.py restore --prefix test-results/liuyifan1.0-src1.4-final-20260924/01-it,verified archive first; sparse tracked files; delete archived residuals
test-results/liuyifan1.0-src1.4-final-20260924/01-nt,C:\Users\20723\Desktop\2026robocup\upstream-main-20260928\test-results\liuyifan1.0-src1.4-final-20260924\01-nt,2469228,21,logs/evidence_archives/INDEX.zip,python tools/workspace_archive.py restore --prefix test-results/liuyifan1.0-src1.4-final-20260924/01-nt,verified archive first; sparse tracked files; delete archived residuals
test-results/liuyifan1.0-src1.4-final-20260924/02-it,C:\Users\20723\Desktop\2026robocup\upstream-main-20260928\test-results\liuyifan1.0-src1.4-final-20260924\02-it,2466589,21,logs/evidence_archives/INDEX.zip,python tools/workspace_archive.py restore --prefix test-results/liuyifan1.0-src1.4-final-20260924/02-it,verified archive first; sparse tracked files; delete archived residuals
test-results/liuyifan1.0-src1.4-final-20260924/02-nt,C:\Users\20723\Desktop\2026robocup\upstream-main-20260928\test-results\liuyifan1.0-src1.4-final-20260924\02-nt,2467889,21,logs/evidence_archives/INDEX.zip,python tools/workspace_archive.py restore --prefix test-results/liuyifan1.0-src1.4-final-20260924/02-nt,verified archive first; sparse tracked files; delete archived residuals
test-results/liuyifan1.0-src1.4-final-20260924/03-it,C:\Users\20723\Desktop\2026robocup\upstream-main-20260928\test-results\liuyifan1.0-src1.4-final-20260924\03-it,2460889,21,logs/evidence_archives/INDEX.zip,python tools/workspace_archive.py restore --prefix test-results/liuyifan1.0-src1.4-final-20260924/03-it,verified archive first; sparse tracked files; delete archived residuals
test-results/liuyifan1.0-src1.4-final-20260924/03-nt,C:\Users\20723\Desktop\2026robocup\upstream-main-20260928\test-results\liuyifan1.0-src1.4-final-20260924\03-nt,2462254,21,logs/evidence_archives/INDEX.zip,python tools/workspace_archive.py restore --prefix test-results/liuyifan1.0-src1.4-final-20260924/03-nt,verified archive first; sparse tracked files; delete archived residuals
test-results/liuyifan1.0-src1.4-final-20260924/04-it,C:\Users\20723\Desktop\2026robocup\upstream-main-20260928\test-results\liuyifan1.0-src1.4-final-20260924\04-it,2468394,21,logs/evidence_archives/INDEX.zip,python tools/workspace_archive.py restore --prefix test-results/liuyifan1.0-src1.4-final-20260924/04-it,verified archive first; sparse tracked files; delete archived residuals
test-results/liuyifan1.0-src1.4-final-20260924/04-nt,C:\Users\20723\Desktop\2026robocup\upstream-main-20260928\test-results\liuyifan1.0-src1.4-final-20260924\04-nt,2469602,21,logs/evidence_archives/INDEX.zip,python tools/workspace_archive.py restore --prefix test-results/liuyifan1.0-src1.4-final-20260924/04-nt,verified archive first; sparse tracked files; delete archived residuals
test-results/liuyifan1.0-src1.4-final-20260924/05-it,C:\Users\20723\Desktop\2026robocup\upstream-main-20260928\test-results\liuyifan1.0-src1.4-final-20260924\05-it,2465021,21,logs/evidence_archives/INDEX.zip,python tools/workspace_archive.py restore --prefix test-results/liuyifan1.0-src1.4-final-20260924/05-it,verified archive first; sparse tracked files; delete archived residuals
test-results/liuyifan1.0-src1.4-final-20260924/05-nt,C:\Users\20723\Desktop\2026robocup\upstream-main-20260928\test-results\liuyifan1.0-src1.4-final-20260924\05-nt,2465974,21,logs/evidence_archives/INDEX.zip,python tools/workspace_archive.py restore --prefix test-results/liuyifan1.0-src1.4-final-20260924/05-nt,verified archive first; sparse tracked files; delete archived residuals
test-results/liuyifan1.0-src1.4-final-20260924/06-it,C:\Users\20723\Desktop\2026robocup\upstream-main-20260928\test-results\liuyifan1.0-src1.4-final-20260924\06-it,2461490,21,logs/evidence_archives/INDEX.zip,python tools/workspace_archive.py restore --prefix test-results/liuyifan1.0-src1.4-final-20260924/06-it,verified archive first; sparse tracked files; delete archived residuals
test-results/liuyifan1.0-src1.4-final-20260924/06-nt,C:\Users\20723\Desktop\2026robocup\upstream-main-20260928\test-results\liuyifan1.0-src1.4-final-20260924\06-nt,2462888,21,logs/evidence_archives/INDEX.zip,python tools/workspace_archive.py restore --prefix test-results/liuyifan1.0-src1.4-final-20260924/06-nt,verified archive first; sparse tracked files; delete archived residuals
test-results/liuyifan1.0-src1.4-final-20260924/build,C:\Users\20723\Desktop\2026robocup\upstream-main-20260928\test-results\liuyifan1.0-src1.4-final-20260924\build,8589989,3,logs/evidence_archives/INDEX.zip,python tools/workspace_archive.py restore --prefix test-results/liuyifan1.0-src1.4-final-20260924/build,verified archive first; sparse tracked files; delete archived residuals
test-results/liuyifan1.0-src1.4.1-final-20260924/01-it,C:\Users\20723\Desktop\2026robocup\upstream-main-20260928\test-results\liuyifan1.0-src1.4.1-final-20260924\01-it,2467513,21,logs/evidence_archives/INDEX.zip,python tools/workspace_archive.py restore --prefix test-results/liuyifan1.0-src1.4.1-final-20260924/01-it,verified archive first; sparse tracked files; delete archived residuals
test-results/liuyifan1.0-src1.4.1-final-20260924/01-nt,C:\Users\20723\Desktop\2026robocup\upstream-main-20260928\test-results\liuyifan1.0-src1.4.1-final-20260924\01-nt,2468441,21,logs/evidence_archives/INDEX.zip,python tools/workspace_archive.py restore --prefix test-results/liuyifan1.0-src1.4.1-final-20260924/01-nt,verified archive first; sparse tracked files; delete archived residuals
test-results/liuyifan1.0-src1.4.1-final-20260924/02-it,C:\Users\20723\Desktop\2026robocup\upstream-main-20260928\test-results\liuyifan1.0-src1.4.1-final-20260924\02-it,2466295,21,logs/evidence_archives/INDEX.zip,python tools/workspace_archive.py restore --prefix test-results/liuyifan1.0-src1.4.1-final-20260924/02-it,verified archive first; sparse tracked files; delete archived residuals
test-results/liuyifan1.0-src1.4.1-final-20260924/02-nt,C:\Users\20723\Desktop\2026robocup\upstream-main-20260928\test-results\liuyifan1.0-src1.4.1-final-20260924\02-nt,2467599,21,logs/evidence_archives/INDEX.zip,python tools/workspace_archive.py restore --prefix test-results/liuyifan1.0-src1.4.1-final-20260924/02-nt,verified archive first; sparse tracked files; delete archived residuals
test-results/liuyifan1.0-src1.4.1-final-20260924/03-it,C:\Users\20723\Desktop\2026robocup\upstream-main-20260928\test-results\liuyifan1.0-src1.4.1-final-20260924\03-it,2459975,21,logs/evidence_archives/INDEX.zip,python tools/workspace_archive.py restore --prefix test-results/liuyifan1.0-src1.4.1-final-20260924/03-it,verified archive first; sparse tracked files; delete archived residuals
test-results/liuyifan1.0-src1.4.1-final-20260924/03-nt,C:\Users\20723\Desktop\2026robocup\upstream-main-20260928\test-results\liuyifan1.0-src1.4.1-final-20260924\03-nt,2461338,21,logs/evidence_archives/INDEX.zip,python tools/workspace_archive.py restore --prefix test-results/liuyifan1.0-src1.4.1-final-20260924/03-nt,verified archive first; sparse tracked files; delete archived residuals
test-results/liuyifan1.0-src1.4.1-final-20260924/04-it,C:\Users\20723\Desktop\2026robocup\upstream-main-20260928\test-results\liuyifan1.0-src1.4.1-final-20260924\04-it,2466564,21,logs/evidence_archives/INDEX.zip,python tools/workspace_archive.py restore --prefix test-results/liuyifan1.0-src1.4.1-final-20260924/04-it,verified archive first; sparse tracked files; delete archived residuals
test-results/liuyifan1.0-src1.4.1-final-20260924/04-nt,C:\Users\20723\Desktop\2026robocup\upstream-main-20260928\test-results\liuyifan1.0-src1.4.1-final-20260924\04-nt,2467775,21,logs/evidence_archives/INDEX.zip,python tools/workspace_archive.py restore --prefix test-results/liuyifan1.0-src1.4.1-final-20260924/04-nt,verified archive first; sparse tracked files; delete archived residuals
test-results/liuyifan1.0-src1.4.1-final-20260924/05-it,C:\Users\20723\Desktop\2026robocup\upstream-main-20260928\test-results\liuyifan1.0-src1.4.1-final-20260924\05-it,2464726,21,logs/evidence_archives/INDEX.zip,python tools/workspace_archive.py restore --prefix test-results/liuyifan1.0-src1.4.1-final-20260924/05-it,verified archive first; sparse tracked files; delete archived residuals
test-results/liuyifan1.0-src1.4.1-final-20260924/05-nt,C:\Users\20723\Desktop\2026robocup\upstream-main-20260928\test-results\liuyifan1.0-src1.4.1-final-20260924\05-nt,2465678,21,logs/evidence_archives/INDEX.zip,python tools/workspace_archive.py restore --prefix test-results/liuyifan1.0-src1.4.1-final-20260924/05-nt,verified archive first; sparse tracked files; delete archived residuals
test-results/liuyifan1.0-src1.4.1-final-20260924/06-it,C:\Users\20723\Desktop\2026robocup\upstream-main-20260928\test-results\liuyifan1.0-src1.4.1-final-20260924\06-it,2461116,21,logs/evidence_archives/INDEX.zip,python tools/workspace_archive.py restore --prefix test-results/liuyifan1.0-src1.4.1-final-20260924/06-it,verified archive first; sparse tracked files; delete archived residuals
test-results/liuyifan1.0-src1.4.1-final-20260924/06-nt,C:\Users\20723\Desktop\2026robocup\upstream-main-20260928\test-results\liuyifan1.0-src1.4.1-final-20260924\06-nt,2462515,21,logs/evidence_archives/INDEX.zip,python tools/workspace_archive.py restore --prefix test-results/liuyifan1.0-src1.4.1-final-20260924/06-nt,verified archive first; sparse tracked files; delete archived residuals
test-results/liuyifan1.0-src1.4.1-final-20260924/build,C:\Users\20723\Desktop\2026robocup\upstream-main-20260928\test-results\liuyifan1.0-src1.4.1-final-20260924\build,8736849,3,logs/evidence_archives/INDEX.zip,python tools/workspace_archive.py restore --prefix test-results/liuyifan1.0-src1.4.1-final-20260924/build,verified archive first; sparse tracked files; delete archived residuals
test-results/liuyifan1.0-src1.4.1-release-20260924/01-it,C:\Users\20723\Desktop\2026robocup\upstream-main-20260928\test-results\liuyifan1.0-src1.4.1-release-20260924\01-it,2467526,21,logs/evidence_archives/INDEX.zip,python tools/workspace_archive.py restore --prefix test-results/liuyifan1.0-src1.4.1-release-20260924/01-it,verified archive first; sparse tracked files; delete archived residuals
test-results/liuyifan1.0-src1.4.1-release-20260924/01-nt,C:\Users\20723\Desktop\2026robocup\upstream-main-20260928\test-results\liuyifan1.0-src1.4.1-release-20260924\01-nt,2468452,21,logs/evidence_archives/INDEX.zip,python tools/workspace_archive.py restore --prefix test-results/liuyifan1.0-src1.4.1-release-20260924/01-nt,verified archive first; sparse tracked files; delete archived residuals
test-results/liuyifan1.0-src1.4.1-release-20260924/02-it,C:\Users\20723\Desktop\2026robocup\upstream-main-20260928\test-results\liuyifan1.0-src1.4.1-release-20260924\02-it,2466305,21,logs/evidence_archives/INDEX.zip,python tools/workspace_archive.py restore --prefix test-results/liuyifan1.0-src1.4.1-release-20260924/02-it,verified archive first; sparse tracked files; delete archived residuals
test-results/liuyifan1.0-src1.4.1-release-20260924/02-nt,C:\Users\20723\Desktop\2026robocup\upstream-main-20260928\test-results\liuyifan1.0-src1.4.1-release-20260924\02-nt,2467609,21,logs/evidence_archives/INDEX.zip,python tools/workspace_archive.py restore --prefix test-results/liuyifan1.0-src1.4.1-release-20260924/02-nt,verified archive first; sparse tracked files; delete archived residuals
test-results/liuyifan1.0-src1.4.1-release-20260924/03-it,C:\Users\20723\Desktop\2026robocup\upstream-main-20260928\test-results\liuyifan1.0-src1.4.1-release-20260924\03-it,2459985,21,logs/evidence_archives/INDEX.zip,python tools/workspace_archive.py restore --prefix test-results/liuyifan1.0-src1.4.1-release-20260924/03-it,verified archive first; sparse tracked files; delete archived residuals
test-results/liuyifan1.0-src1.4.1-release-20260924/03-nt,C:\Users\20723\Desktop\2026robocup\upstream-main-20260928\test-results\liuyifan1.0-src1.4.1-release-20260924\03-nt,2461349,21,logs/evidence_archives/INDEX.zip,python tools/workspace_archive.py restore --prefix test-results/liuyifan1.0-src1.4.1-release-20260924/03-nt,verified archive first; sparse tracked files; delete archived residuals
test-results/liuyifan1.0-src1.4.1-release-20260924/04-it,C:\Users\20723\Desktop\2026robocup\upstream-main-20260928\test-results\liuyifan1.0-src1.4.1-release-20260924\04-it,2466575,21,logs/evidence_archives/INDEX.zip,python tools/workspace_archive.py restore --prefix test-results/liuyifan1.0-src1.4.1-release-20260924/04-it,verified archive first; sparse tracked files; delete archived residuals
test-results/liuyifan1.0-src1.4.1-release-20260924/04-nt,C:\Users\20723\Desktop\2026robocup\upstream-main-20260928\test-results\liuyifan1.0-src1.4.1-release-20260924\04-nt,2467779,21,logs/evidence_archives/INDEX.zip,python tools/workspace_archive.py restore --prefix test-results/liuyifan1.0-src1.4.1-release-20260924/04-nt,verified archive first; sparse tracked files; delete archived residuals
test-results/liuyifan1.0-src1.4.1-release-20260924/05-it,C:\Users\20723\Desktop\2026robocup\upstream-main-20260928\test-results\liuyifan1.0-src1.4.1-release-20260924\05-it,2464736,21,logs/evidence_archives/INDEX.zip,python tools/workspace_archive.py restore --prefix test-results/liuyifan1.0-src1.4.1-release-20260924/05-it,verified archive first; sparse tracked files; delete archived residuals
test-results/liuyifan1.0-src1.4.1-release-20260924/05-nt,C:\Users\20723\Desktop\2026robocup\upstream-main-20260928\test-results\liuyifan1.0-src1.4.1-release-20260924\05-nt,2465689,21,logs/evidence_archives/INDEX.zip,python tools/workspace_archive.py restore --prefix test-results/liuyifan1.0-src1.4.1-release-20260924/05-nt,verified archive first; sparse tracked files; delete archived residuals
test-results/liuyifan1.0-src1.4.1-release-20260924/06-it,C:\Users\20723\Desktop\2026robocup\upstream-main-20260928\test-results\liuyifan1.0-src1.4.1-release-20260924\06-it,2461127,21,logs/evidence_archives/INDEX.zip,python tools/workspace_archive.py restore --prefix test-results/liuyifan1.0-src1.4.1-release-20260924/06-it,verified archive first; sparse tracked files; delete archived residuals
test-results/liuyifan1.0-src1.4.1-release-20260924/06-nt,C:\Users\20723\Desktop\2026robocup\upstream-main-20260928\test-results\liuyifan1.0-src1.4.1-release-20260924\06-nt,2462525,21,logs/evidence_archives/INDEX.zip,python tools/workspace_archive.py restore --prefix test-results/liuyifan1.0-src1.4.1-release-20260924/06-nt,verified archive first; sparse tracked files; delete archived residuals
test-results/liuyifan1.0-src1.4.1-release-20260924/build,C:\Users\20723\Desktop\2026robocup\upstream-main-20260928\test-results\liuyifan1.0-src1.4.1-release-20260924\build,8747659,3,logs/evidence_archives/INDEX.zip,python tools/workspace_archive.py restore --prefix test-results/liuyifan1.0-src1.4.1-release-20260924/build,verified archive first; sparse tracked files; delete archived residuals
test-results/liuyifan1.0-src1.4.1-verified-20260924/01-it,C:\Users\20723\Desktop\2026robocup\upstream-main-20260928\test-results\liuyifan1.0-src1.4.1-verified-20260924\01-it,2467529,21,logs/evidence_archives/INDEX.zip,python tools/workspace_archive.py restore --prefix test-results/liuyifan1.0-src1.4.1-verified-20260924/01-it,verified archive first; sparse tracked files; delete archived residuals
test-results/liuyifan1.0-src1.4.1-verified-20260924/01-nt,C:\Users\20723\Desktop\2026robocup\upstream-main-20260928\test-results\liuyifan1.0-src1.4.1-verified-20260924\01-nt,2468456,21,logs/evidence_archives/INDEX.zip,python tools/workspace_archive.py restore --prefix test-results/liuyifan1.0-src1.4.1-verified-20260924/01-nt,verified archive first; sparse tracked files; delete archived residuals
test-results/liuyifan1.0-src1.4.1-verified-20260924/02-it,C:\Users\20723\Desktop\2026robocup\upstream-main-20260928\test-results\liuyifan1.0-src1.4.1-verified-20260924\02-it,2466306,21,logs/evidence_archives/INDEX.zip,python tools/workspace_archive.py restore --prefix test-results/liuyifan1.0-src1.4.1-verified-20260924/02-it,verified archive first; sparse tracked files; delete archived residuals
test-results/liuyifan1.0-src1.4.1-verified-20260924/02-nt,C:\Users\20723\Desktop\2026robocup\upstream-main-20260928\test-results\liuyifan1.0-src1.4.1-verified-20260924\02-nt,2467607,21,logs/evidence_archives/INDEX.zip,python tools/workspace_archive.py restore --prefix test-results/liuyifan1.0-src1.4.1-verified-20260924/02-nt,verified archive first; sparse tracked files; delete archived residuals
test-results/liuyifan1.0-src1.4.1-verified-20260924/03-it,C:\Users\20723\Desktop\2026robocup\upstream-main-20260928\test-results\liuyifan1.0-src1.4.1-verified-20260924\03-it,2459990,21,logs/evidence_archives/INDEX.zip,python tools/workspace_archive.py restore --prefix test-results/liuyifan1.0-src1.4.1-verified-20260924/03-it,verified archive first; sparse tracked files; delete archived residuals
test-results/liuyifan1.0-src1.4.1-verified-20260924/03-nt,C:\Users\20723\Desktop\2026robocup\upstream-main-20260928\test-results\liuyifan1.0-src1.4.1-verified-20260924\03-nt,2461350,21,logs/evidence_archives/INDEX.zip,python tools/workspace_archive.py restore --prefix test-results/liuyifan1.0-src1.4.1-verified-20260924/03-nt,verified archive first; sparse tracked files; delete archived residuals
test-results/liuyifan1.0-src1.4.1-verified-20260924/04-it,C:\Users\20723\Desktop\2026robocup\upstream-main-20260928\test-results\liuyifan1.0-src1.4.1-verified-20260924\04-it,2466579,21,logs/evidence_archives/INDEX.zip,python tools/workspace_archive.py restore --prefix test-results/liuyifan1.0-src1.4.1-verified-20260924/04-it,verified archive first; sparse tracked files; delete archived residuals
test-results/liuyifan1.0-src1.4.1-verified-20260924/04-nt,C:\Users\20723\Desktop\2026robocup\upstream-main-20260928\test-results\liuyifan1.0-src1.4.1-verified-20260924\04-nt,2467791,21,logs/evidence_archives/INDEX.zip,python tools/workspace_archive.py restore --prefix test-results/liuyifan1.0-src1.4.1-verified-20260924/04-nt,verified archive first; sparse tracked files; delete archived residuals
test-results/liuyifan1.0-src1.4.1-verified-20260924/05-it,C:\Users\20723\Desktop\2026robocup\upstream-main-20260928\test-results\liuyifan1.0-src1.4.1-verified-20260924\05-it,2464741,21,logs/evidence_archives/INDEX.zip,python tools/workspace_archive.py restore --prefix test-results/liuyifan1.0-src1.4.1-verified-20260924/05-it,verified archive first; sparse tracked files; delete archived residuals
test-results/liuyifan1.0-src1.4.1-verified-20260924/05-nt,C:\Users\20723\Desktop\2026robocup\upstream-main-20260928\test-results\liuyifan1.0-src1.4.1-verified-20260924\05-nt,2465694,21,logs/evidence_archives/INDEX.zip,python tools/workspace_archive.py restore --prefix test-results/liuyifan1.0-src1.4.1-verified-20260924/05-nt,verified archive first; sparse tracked files; delete archived residuals
test-results/liuyifan1.0-src1.4.1-verified-20260924/06-it,C:\Users\20723\Desktop\2026robocup\upstream-main-20260928\test-results\liuyifan1.0-src1.4.1-verified-20260924\06-it,2461131,21,logs/evidence_archives/INDEX.zip,python tools/workspace_archive.py restore --prefix test-results/liuyifan1.0-src1.4.1-verified-20260924/06-it,verified archive first; sparse tracked files; delete archived residuals
test-results/liuyifan1.0-src1.4.1-verified-20260924/06-nt,C:\Users\20723\Desktop\2026robocup\upstream-main-20260928\test-results\liuyifan1.0-src1.4.1-verified-20260924\06-nt,2462530,21,logs/evidence_archives/INDEX.zip,python tools/workspace_archive.py restore --prefix test-results/liuyifan1.0-src1.4.1-verified-20260924/06-nt,verified archive first; sparse tracked files; delete archived residuals
test-results/liuyifan1.0-src1.4.1-verified-20260924/build,C:\Users\20723\Desktop\2026robocup\upstream-main-20260928\test-results\liuyifan1.0-src1.4.1-verified-20260924\build,8748676,3,logs/evidence_archives/INDEX.zip,python tools/workspace_archive.py restore --prefix test-results/liuyifan1.0-src1.4.1-verified-20260924/build,verified archive first; sparse tracked files; delete archived residuals
test-results/liuyifan1.0-src1.5-20260924/build,C:\Users\20723\Desktop\2026robocup\upstream-main-20260928\test-results\liuyifan1.0-src1.5-20260924\build,2074,1,logs/evidence_archives/INDEX.zip,python tools/workspace_archive.py restore --prefix test-results/liuyifan1.0-src1.5-20260924/build,verified archive first; sparse tracked files; delete archived residuals
test-results/liuyifan1.0-src1.5-final-20260924/01-it,C:\Users\20723\Desktop\2026robocup\upstream-main-20260928\test-results\liuyifan1.0-src1.5-final-20260924\01-it,2482509,21,logs/evidence_archives/INDEX.zip,python tools/workspace_archive.py restore --prefix test-results/liuyifan1.0-src1.5-final-20260924/01-it,verified archive first; sparse tracked files; delete archived residuals
test-results/liuyifan1.0-src1.5-final-20260924/01-nt,C:\Users\20723\Desktop\2026robocup\upstream-main-20260928\test-results\liuyifan1.0-src1.5-final-20260924\01-nt,2483434,21,logs/evidence_archives/INDEX.zip,python tools/workspace_archive.py restore --prefix test-results/liuyifan1.0-src1.5-final-20260924/01-nt,verified archive first; sparse tracked files; delete archived residuals
test-results/liuyifan1.0-src1.5-final-20260924/02-it,C:\Users\20723\Desktop\2026robocup\upstream-main-20260928\test-results\liuyifan1.0-src1.5-final-20260924\02-it,2478341,21,logs/evidence_archives/INDEX.zip,python tools/workspace_archive.py restore --prefix test-results/liuyifan1.0-src1.5-final-20260924/02-it,verified archive first; sparse tracked files; delete archived residuals
test-results/liuyifan1.0-src1.5-final-20260924/02-nt,C:\Users\20723\Desktop\2026robocup\upstream-main-20260928\test-results\liuyifan1.0-src1.5-final-20260924\02-nt,2479645,21,logs/evidence_archives/INDEX.zip,python tools/workspace_archive.py restore --prefix test-results/liuyifan1.0-src1.5-final-20260924/02-nt,verified archive first; sparse tracked files; delete archived residuals
test-results/liuyifan1.0-src1.5-final-20260924/03-it,C:\Users\20723\Desktop\2026robocup\upstream-main-20260928\test-results\liuyifan1.0-src1.5-final-20260924\03-it,2464989,21,logs/evidence_archives/INDEX.zip,python tools/workspace_archive.py restore --prefix test-results/liuyifan1.0-src1.5-final-20260924/03-it,verified archive first; sparse tracked files; delete archived residuals
test-results/liuyifan1.0-src1.5-final-20260924/03-nt,C:\Users\20723\Desktop\2026robocup\upstream-main-20260928\test-results\liuyifan1.0-src1.5-final-20260924\03-nt,2466353,21,logs/evidence_archives/INDEX.zip,python tools/workspace_archive.py restore --prefix test-results/liuyifan1.0-src1.5-final-20260924/03-nt,verified archive first; sparse tracked files; delete archived residuals
test-results/liuyifan1.0-src1.5-final-20260924/04-it,C:\Users\20723\Desktop\2026robocup\upstream-main-20260928\test-results\liuyifan1.0-src1.5-final-20260924\04-it,2479006,21,logs/evidence_archives/INDEX.zip,python tools/workspace_archive.py restore --prefix test-results/liuyifan1.0-src1.5-final-20260924/04-it,verified archive first; sparse tracked files; delete archived residuals
test-results/liuyifan1.0-src1.5-final-20260924/04-nt,C:\Users\20723\Desktop\2026robocup\upstream-main-20260928\test-results\liuyifan1.0-src1.5-final-20260924\04-nt,2480216,21,logs/evidence_archives/INDEX.zip,python tools/workspace_archive.py restore --prefix test-results/liuyifan1.0-src1.5-final-20260924/04-nt,verified archive first; sparse tracked files; delete archived residuals
test-results/liuyifan1.0-src1.5-final-20260924/05-it,C:\Users\20723\Desktop\2026robocup\upstream-main-20260928\test-results\liuyifan1.0-src1.5-final-20260924\05-it,2480521,21,logs/evidence_archives/INDEX.zip,python tools/workspace_archive.py restore --prefix test-results/liuyifan1.0-src1.5-final-20260924/05-it,verified archive first; sparse tracked files; delete archived residuals
test-results/liuyifan1.0-src1.5-final-20260924/05-nt,C:\Users\20723\Desktop\2026robocup\upstream-main-20260928\test-results\liuyifan1.0-src1.5-final-20260924\05-nt,2481474,21,logs/evidence_archives/INDEX.zip,python tools/workspace_archive.py restore --prefix test-results/liuyifan1.0-src1.5-final-20260924/05-nt,verified archive first; sparse tracked files; delete archived residuals
test-results/liuyifan1.0-src1.5-final-20260924/06-it,C:\Users\20723\Desktop\2026robocup\upstream-main-20260928\test-results\liuyifan1.0-src1.5-final-20260924\06-it,2469532,21,logs/evidence_archives/INDEX.zip,python tools/workspace_archive.py restore --prefix test-results/liuyifan1.0-src1.5-final-20260924/06-it,verified archive first; sparse tracked files; delete archived residuals
test-results/liuyifan1.0-src1.5-final-20260924/06-nt,C:\Users\20723\Desktop\2026robocup\upstream-main-20260928\test-results\liuyifan1.0-src1.5-final-20260924\06-nt,2470929,21,logs/evidence_archives/INDEX.zip,python tools/workspace_archive.py restore --prefix test-results/liuyifan1.0-src1.5-final-20260924/06-nt,verified archive first; sparse tracked files; delete archived residuals
test-results/liuyifan1.0-src1.5-final-20260924/build,C:\Users\20723\Desktop\2026robocup\upstream-main-20260928\test-results\liuyifan1.0-src1.5-final-20260924\build,9021333,3,logs/evidence_archives/INDEX.zip,python tools/workspace_archive.py restore --prefix test-results/liuyifan1.0-src1.5-final-20260924/build,verified archive first; sparse tracked files; delete archived residuals
test-results/liuyifan1.0-src1.5-official-20260924/01-it,C:\Users\20723\Desktop\2026robocup\upstream-main-20260928\test-results\liuyifan1.0-src1.5-official-20260924\01-it,2482561,21,logs/evidence_archives/INDEX.zip,python tools/workspace_archive.py restore --prefix test-results/liuyifan1.0-src1.5-official-20260924/01-it,verified archive first; sparse tracked files; delete archived residuals
test-results/liuyifan1.0-src1.5-official-20260924/01-nt,C:\Users\20723\Desktop\2026robocup\upstream-main-20260928\test-results\liuyifan1.0-src1.5-official-20260924\01-nt,2483480,21,logs/evidence_archives/INDEX.zip,python tools/workspace_archive.py restore --prefix test-results/liuyifan1.0-src1.5-official-20260924/01-nt,verified archive first; sparse tracked files; delete archived residuals
test-results/liuyifan1.0-src1.5-official-20260924/02-it,C:\Users\20723\Desktop\2026robocup\upstream-main-20260928\test-results\liuyifan1.0-src1.5-official-20260924\02-it,2478357,21,logs/evidence_archives/INDEX.zip,python tools/workspace_archive.py restore --prefix test-results/liuyifan1.0-src1.5-official-20260924/02-it,verified archive first; sparse tracked files; delete archived residuals
test-results/liuyifan1.0-src1.5-official-20260924/02-nt,C:\Users\20723\Desktop\2026robocup\upstream-main-20260928\test-results\liuyifan1.0-src1.5-official-20260924\02-nt,2479662,21,logs/evidence_archives/INDEX.zip,python tools/workspace_archive.py restore --prefix test-results/liuyifan1.0-src1.5-official-20260924/02-nt,verified archive first; sparse tracked files; delete archived residuals
test-results/liuyifan1.0-src1.5-official-20260924/03-it,C:\Users\20723\Desktop\2026robocup\upstream-main-20260928\test-results\liuyifan1.0-src1.5-official-20260924\03-it,2465003,21,logs/evidence_archives/INDEX.zip,python tools/workspace_archive.py restore --prefix test-results/liuyifan1.0-src1.5-official-20260924/03-it,verified archive first; sparse tracked files; delete archived residuals
test-results/liuyifan1.0-src1.5-official-20260924/03-nt,C:\Users\20723\Desktop\2026robocup\upstream-main-20260928\test-results\liuyifan1.0-src1.5-official-20260924\03-nt,2466368,21,logs/evidence_archives/INDEX.zip,python tools/workspace_archive.py restore --prefix test-results/liuyifan1.0-src1.5-official-20260924/03-nt,verified archive first; sparse tracked files; delete archived residuals
test-results/liuyifan1.0-src1.5-official-20260924/04-it,C:\Users\20723\Desktop\2026robocup\upstream-main-20260928\test-results\liuyifan1.0-src1.5-official-20260924\04-it,2479021,21,logs/evidence_archives/INDEX.zip,python tools/workspace_archive.py restore --prefix test-results/liuyifan1.0-src1.5-official-20260924/04-it,verified archive first; sparse tracked files; delete archived residuals
test-results/liuyifan1.0-src1.5-official-20260924/04-nt,C:\Users\20723\Desktop\2026robocup\upstream-main-20260928\test-results\liuyifan1.0-src1.5-official-20260924\04-nt,2480232,21,logs/evidence_archives/INDEX.zip,python tools/workspace_archive.py restore --prefix test-results/liuyifan1.0-src1.5-official-20260924/04-nt,verified archive first; sparse tracked files; delete archived residuals
test-results/liuyifan1.0-src1.5-official-20260924/05-it,C:\Users\20723\Desktop\2026robocup\upstream-main-20260928\test-results\liuyifan1.0-src1.5-official-20260924\05-it,2480536,21,logs/evidence_archives/INDEX.zip,python tools/workspace_archive.py restore --prefix test-results/liuyifan1.0-src1.5-official-20260924/05-it,verified archive first; sparse tracked files; delete archived residuals
test-results/liuyifan1.0-src1.5-official-20260924/05-nt,C:\Users\20723\Desktop\2026robocup\upstream-main-20260928\test-results\liuyifan1.0-src1.5-official-20260924\05-nt,2481489,21,logs/evidence_archives/INDEX.zip,python tools/workspace_archive.py restore --prefix test-results/liuyifan1.0-src1.5-official-20260924/05-nt,verified archive first; sparse tracked files; delete archived residuals
test-results/liuyifan1.0-src1.5-official-20260924/06-it,C:\Users\20723\Desktop\2026robocup\upstream-main-20260928\test-results\liuyifan1.0-src1.5-official-20260924\06-it,2469547,21,logs/evidence_archives/INDEX.zip,python tools/workspace_archive.py restore --prefix test-results/liuyifan1.0-src1.5-official-20260924/06-it,verified archive first; sparse tracked files; delete archived residuals
test-results/liuyifan1.0-src1.5-official-20260924/06-nt,C:\Users\20723\Desktop\2026robocup\upstream-main-20260928\test-results\liuyifan1.0-src1.5-official-20260924\06-nt,2470945,21,logs/evidence_archives/INDEX.zip,python tools/workspace_archive.py restore --prefix test-results/liuyifan1.0-src1.5-official-20260924/06-nt,verified archive first; sparse tracked files; delete archived residuals
test-results/liuyifan1.0-src1.5-official-20260924/build,C:\Users\20723\Desktop\2026robocup\upstream-main-20260928\test-results\liuyifan1.0-src1.5-official-20260924\build,9012744,3,logs/evidence_archives/INDEX.zip,python tools/workspace_archive.py restore --prefix test-results/liuyifan1.0-src1.5-official-20260924/build,verified archive first; sparse tracked files; delete archived residuals
test-results/liuyifan1.0-src1.5-release-20260924/01-it,C:\Users\20723\Desktop\2026robocup\upstream-main-20260928\test-results\liuyifan1.0-src1.5-release-20260924\01-it,2482564,21,logs/evidence_archives/INDEX.zip,python tools/workspace_archive.py restore --prefix test-results/liuyifan1.0-src1.5-release-20260924/01-it,verified archive first; sparse tracked files; delete archived residuals
test-results/liuyifan1.0-src1.5-release-20260924/01-nt,C:\Users\20723\Desktop\2026robocup\upstream-main-20260928\test-results\liuyifan1.0-src1.5-release-20260924\01-nt,2483491,21,logs/evidence_archives/INDEX.zip,python tools/workspace_archive.py restore --prefix test-results/liuyifan1.0-src1.5-release-20260924/01-nt,verified archive first; sparse tracked files; delete archived residuals
test-results/liuyifan1.0-src1.5-release-20260924/02-it,C:\Users\20723\Desktop\2026robocup\upstream-main-20260928\test-results\liuyifan1.0-src1.5-release-20260924\02-it,2478351,21,logs/evidence_archives/INDEX.zip,python tools/workspace_archive.py restore --prefix test-results/liuyifan1.0-src1.5-release-20260924/02-it,verified archive first; sparse tracked files; delete archived residuals
test-results/liuyifan1.0-src1.5-release-20260924/02-nt,C:\Users\20723\Desktop\2026robocup\upstream-main-20260928\test-results\liuyifan1.0-src1.5-release-20260924\02-nt,2479657,21,logs/evidence_archives/INDEX.zip,python tools/workspace_archive.py restore --prefix test-results/liuyifan1.0-src1.5-release-20260924/02-nt,verified archive first; sparse tracked files; delete archived residuals
test-results/liuyifan1.0-src1.5-release-20260924/03-it,C:\Users\20723\Desktop\2026robocup\upstream-main-20260928\test-results\liuyifan1.0-src1.5-release-20260924\03-it,2464999,21,logs/evidence_archives/INDEX.zip,python tools/workspace_archive.py restore --prefix test-results/liuyifan1.0-src1.5-release-20260924/03-it,verified archive first; sparse tracked files; delete archived residuals
test-results/liuyifan1.0-src1.5-release-20260924/03-nt,C:\Users\20723\Desktop\2026robocup\upstream-main-20260928\test-results\liuyifan1.0-src1.5-release-20260924\03-nt,2466363,21,logs/evidence_archives/INDEX.zip,python tools/workspace_archive.py restore --prefix test-results/liuyifan1.0-src1.5-release-20260924/03-nt,verified archive first; sparse tracked files; delete archived residuals
test-results/liuyifan1.0-src1.5-release-20260924/04-it,C:\Users\20723\Desktop\2026robocup\upstream-main-20260928\test-results\liuyifan1.0-src1.5-release-20260924\04-it,2479015,21,logs/evidence_archives/INDEX.zip,python tools/workspace_archive.py restore --prefix test-results/liuyifan1.0-src1.5-release-20260924/04-it,verified archive first; sparse tracked files; delete archived residuals
test-results/liuyifan1.0-src1.5-release-20260924/04-nt,C:\Users\20723\Desktop\2026robocup\upstream-main-20260928\test-results\liuyifan1.0-src1.5-release-20260924\04-nt,2480226,21,logs/evidence_archives/INDEX.zip,python tools/workspace_archive.py restore --prefix test-results/liuyifan1.0-src1.5-release-20260924/04-nt,verified archive first; sparse tracked files; delete archived residuals
test-results/liuyifan1.0-src1.5-release-20260924/05-it,C:\Users\20723\Desktop\2026robocup\upstream-main-20260928\test-results\liuyifan1.0-src1.5-release-20260924\05-it,2480531,21,logs/evidence_archives/INDEX.zip,python tools/workspace_archive.py restore --prefix test-results/liuyifan1.0-src1.5-release-20260924/05-it,verified archive first; sparse tracked files; delete archived residuals
test-results/liuyifan1.0-src1.5-release-20260924/05-nt,C:\Users\20723\Desktop\2026robocup\upstream-main-20260928\test-results\liuyifan1.0-src1.5-release-20260924\05-nt,2481484,21,logs/evidence_archives/INDEX.zip,python tools/workspace_archive.py restore --prefix test-results/liuyifan1.0-src1.5-release-20260924/05-nt,verified archive first; sparse tracked files; delete archived residuals
test-results/liuyifan1.0-src1.5-release-20260924/06-it,C:\Users\20723\Desktop\2026robocup\upstream-main-20260928\test-results\liuyifan1.0-src1.5-release-20260924\06-it,2469541,21,logs/evidence_archives/INDEX.zip,python tools/workspace_archive.py restore --prefix test-results/liuyifan1.0-src1.5-release-20260924/06-it,verified archive first; sparse tracked files; delete archived residuals
test-results/liuyifan1.0-src1.5-release-20260924/06-nt,C:\Users\20723\Desktop\2026robocup\upstream-main-20260928\test-results\liuyifan1.0-src1.5-release-20260924\06-nt,2470940,21,logs/evidence_archives/INDEX.zip,python tools/workspace_archive.py restore --prefix test-results/liuyifan1.0-src1.5-release-20260924/06-nt,verified archive first; sparse tracked files; delete archived residuals
test-results/liuyifan1.0-src1.5-release-20260924/build,C:\Users\20723\Desktop\2026robocup\upstream-main-20260928\test-results\liuyifan1.0-src1.5-release-20260924\build,9021431,3,logs/evidence_archives/INDEX.zip,python tools/workspace_archive.py restore --prefix test-results/liuyifan1.0-src1.5-release-20260924/build,verified archive first; sparse tracked files; delete archived residuals
test-results/liuyifan1.0-src1.5-verified-20260924/01-it,C:\Users\20723\Desktop\2026robocup\upstream-main-20260928\test-results\liuyifan1.0-src1.5-verified-20260924\01-it,2482573,21,logs/evidence_archives/INDEX.zip,python tools/workspace_archive.py restore --prefix test-results/liuyifan1.0-src1.5-verified-20260924/01-it,verified archive first; sparse tracked files; delete archived residuals
test-results/liuyifan1.0-src1.5-verified-20260924/01-nt,C:\Users\20723\Desktop\2026robocup\upstream-main-20260928\test-results\liuyifan1.0-src1.5-verified-20260924\01-nt,2483496,21,logs/evidence_archives/INDEX.zip,python tools/workspace_archive.py restore --prefix test-results/liuyifan1.0-src1.5-verified-20260924/01-nt,verified archive first; sparse tracked files; delete archived residuals
test-results/liuyifan1.0-src1.5-verified-20260924/02-it,C:\Users\20723\Desktop\2026robocup\upstream-main-20260928\test-results\liuyifan1.0-src1.5-verified-20260924\02-it,2478358,21,logs/evidence_archives/INDEX.zip,python tools/workspace_archive.py restore --prefix test-results/liuyifan1.0-src1.5-verified-20260924/02-it,verified archive first; sparse tracked files; delete archived residuals
test-results/liuyifan1.0-src1.5-verified-20260924/02-nt,C:\Users\20723\Desktop\2026robocup\upstream-main-20260928\test-results\liuyifan1.0-src1.5-verified-20260924\02-nt,2479661,21,logs/evidence_archives/INDEX.zip,python tools/workspace_archive.py restore --prefix test-results/liuyifan1.0-src1.5-verified-20260924/02-nt,verified archive first; sparse tracked files; delete archived residuals
test-results/liuyifan1.0-src1.5-verified-20260924/03-it,C:\Users\20723\Desktop\2026robocup\upstream-main-20260928\test-results\liuyifan1.0-src1.5-verified-20260924\03-it,2465004,21,logs/evidence_archives/INDEX.zip,python tools/workspace_archive.py restore --prefix test-results/liuyifan1.0-src1.5-verified-20260924/03-it,verified archive first; sparse tracked files; delete archived residuals
test-results/liuyifan1.0-src1.5-verified-20260924/03-nt,C:\Users\20723\Desktop\2026robocup\upstream-main-20260928\test-results\liuyifan1.0-src1.5-verified-20260924\03-nt,2466368,21,logs/evidence_archives/INDEX.zip,python tools/workspace_archive.py restore --prefix test-results/liuyifan1.0-src1.5-verified-20260924/03-nt,verified archive first; sparse tracked files; delete archived residuals
test-results/liuyifan1.0-src1.5-verified-20260924/04-it,C:\Users\20723\Desktop\2026robocup\upstream-main-20260928\test-results\liuyifan1.0-src1.5-verified-20260924\04-it,2479020,21,logs/evidence_archives/INDEX.zip,python tools/workspace_archive.py restore --prefix test-results/liuyifan1.0-src1.5-verified-20260924/04-it,verified archive first; sparse tracked files; delete archived residuals
test-results/liuyifan1.0-src1.5-verified-20260924/04-nt,C:\Users\20723\Desktop\2026robocup\upstream-main-20260928\test-results\liuyifan1.0-src1.5-verified-20260924\04-nt,2480231,21,logs/evidence_archives/INDEX.zip,python tools/workspace_archive.py restore --prefix test-results/liuyifan1.0-src1.5-verified-20260924/04-nt,verified archive first; sparse tracked files; delete archived residuals
test-results/liuyifan1.0-src1.5-verified-20260924/05-it,C:\Users\20723\Desktop\2026robocup\upstream-main-20260928\test-results\liuyifan1.0-src1.5-verified-20260924\05-it,2480535,21,logs/evidence_archives/INDEX.zip,python tools/workspace_archive.py restore --prefix test-results/liuyifan1.0-src1.5-verified-20260924/05-it,verified archive first; sparse tracked files; delete archived residuals
test-results/liuyifan1.0-src1.5-verified-20260924/05-nt,C:\Users\20723\Desktop\2026robocup\upstream-main-20260928\test-results\liuyifan1.0-src1.5-verified-20260924\05-nt,2481489,21,logs/evidence_archives/INDEX.zip,python tools/workspace_archive.py restore --prefix test-results/liuyifan1.0-src1.5-verified-20260924/05-nt,verified archive first; sparse tracked files; delete archived residuals
test-results/liuyifan1.0-src1.5-verified-20260924/06-it,C:\Users\20723\Desktop\2026robocup\upstream-main-20260928\test-results\liuyifan1.0-src1.5-verified-20260924\06-it,2469546,21,logs/evidence_archives/INDEX.zip,python tools/workspace_archive.py restore --prefix test-results/liuyifan1.0-src1.5-verified-20260924/06-it,verified archive first; sparse tracked files; delete archived residuals
test-results/liuyifan1.0-src1.5-verified-20260924/06-nt,C:\Users\20723\Desktop\2026robocup\upstream-main-20260928\test-results\liuyifan1.0-src1.5-verified-20260924\06-nt,2470945,21,logs/evidence_archives/INDEX.zip,python tools/workspace_archive.py restore --prefix test-results/liuyifan1.0-src1.5-verified-20260924/06-nt,verified archive first; sparse tracked files; delete archived residuals
test-results/liuyifan1.0-src1.5-verified-20260924/build,C:\Users\20723\Desktop\2026robocup\upstream-main-20260928\test-results\liuyifan1.0-src1.5-verified-20260924\build,9021304,3,logs/evidence_archives/INDEX.zip,python tools/workspace_archive.py restore --prefix test-results/liuyifan1.0-src1.5-verified-20260924/build,verified archive first; sparse tracked files; delete archived residuals
test-results/paired-gap-167200-171-20261003/__pycache__,C:\Users\20723\Desktop\2026robocup\upstream-main-20260928\test-results\paired-gap-167200-171-20261003\__pycache__,37958,2,logs/evidence_archives/INDEX.zip,python tools/workspace_archive.py restore --prefix test-results/paired-gap-167200-171-20261003/__pycache__,verified archive first; sparse tracked files; delete archived residuals
test-results/realcompetition-scr12-vs-scr13-20260921/build-1.2,C:\Users\20723\Desktop\2026robocup\upstream-main-20260928\test-results\realcompetition-scr12-vs-scr13-20260921\build-1.2,6723001,3,logs/evidence_archives/INDEX.zip,python tools/workspace_archive.py restore --prefix test-results/realcompetition-scr12-vs-scr13-20260921/build-1.2,verified archive first; sparse tracked files; delete archived residuals
test-results/realcompetition-scr12-vs-scr13-20260921/build-1.3,C:\Users\20723\Desktop\2026robocup\upstream-main-20260928\test-results\realcompetition-scr12-vs-scr13-20260921\build-1.3,6650369,3,logs/evidence_archives/INDEX.zip,python tools/workspace_archive.py restore --prefix test-results/realcompetition-scr12-vs-scr13-20260921/build-1.3,verified archive first; sparse tracked files; delete archived residuals
test-results/realcompetition-scr12-vs-scr13-20260921/runs-scr1.2,C:\Users\20723\Desktop\2026robocup\upstream-main-20260928\test-results\realcompetition-scr12-vs-scr13-20260921\runs-scr1.2,89361688,748,logs/evidence_archives/INDEX.zip,python tools/workspace_archive.py restore --prefix test-results/realcompetition-scr12-vs-scr13-20260921/runs-scr1.2,verified archive first; sparse tracked files; delete archived residuals
test-results/realcompetition-scr12-vs-scr13-20260921/runs-scr1.2-r2,C:\Users\20723\Desktop\2026robocup\upstream-main-20260928\test-results\realcompetition-scr12-vs-scr13-20260921\runs-scr1.2-r2,89368443,748,logs/evidence_archives/INDEX.zip,python tools/workspace_archive.py restore --prefix test-results/realcompetition-scr12-vs-scr13-20260921/runs-scr1.2-r2,verified archive first; sparse tracked files; delete archived residuals
test-results/realcompetition-scr12-vs-scr13-20260921/runs-scr1.3,C:\Users\20723\Desktop\2026robocup\upstream-main-20260928\test-results\realcompetition-scr12-vs-scr13-20260921\runs-scr1.3,89340394,748,logs/evidence_archives/INDEX.zip,python tools/workspace_archive.py restore --prefix test-results/realcompetition-scr12-vs-scr13-20260921/runs-scr1.3,verified archive first; sparse tracked files; delete archived residuals
test-results/realcompetition-scr12-vs-scr13-20260921/runs-scr1.3-r2,C:\Users\20723\Desktop\2026robocup\upstream-main-20260928\test-results\realcompetition-scr12-vs-scr13-20260921\runs-scr1.3-r2,89343481,748,logs/evidence_archives/INDEX.zip,python tools/workspace_archive.py restore --prefix test-results/realcompetition-scr12-vs-scr13-20260921/runs-scr1.3-r2,verified archive first; sparse tracked files; delete archived residuals
test-results/realcompetition-src1.5-all36-seed20260924/01,C:\Users\20723\Desktop\2026robocup\upstream-main-20260928\test-results\realcompetition-src1.5-all36-seed20260924\01,2568210,21,logs/evidence_archives/INDEX.zip,python tools/workspace_archive.py restore --prefix test-results/realcompetition-src1.5-all36-seed20260924/01,verified archive first; sparse tracked files; delete archived residuals
test-results/realcompetition-src1.5-all36-seed20260924/02,C:\Users\20723\Desktop\2026robocup\upstream-main-20260928\test-results\realcompetition-src1.5-all36-seed20260924\02,2446988,16,logs/evidence_archives/INDEX.zip,python tools/workspace_archive.py restore --prefix test-results/realcompetition-src1.5-all36-seed20260924/02,verified archive first; sparse tracked files; delete archived residuals
test-results/realcompetition-src1.5-all36-seed20260924/03,C:\Users\20723\Desktop\2026robocup\upstream-main-20260928\test-results\realcompetition-src1.5-all36-seed20260924\03,2462077,21,logs/evidence_archives/INDEX.zip,python tools/workspace_archive.py restore --prefix test-results/realcompetition-src1.5-all36-seed20260924/03,verified archive first; sparse tracked files; delete archived residuals
test-results/realcompetition-src1.5-all36-seed20260924/04,C:\Users\20723\Desktop\2026robocup\upstream-main-20260928\test-results\realcompetition-src1.5-all36-seed20260924\04,2492943,19,logs/evidence_archives/INDEX.zip,python tools/workspace_archive.py restore --prefix test-results/realcompetition-src1.5-all36-seed20260924/04,verified archive first; sparse tracked files; delete archived residuals
test-results/realcompetition-src1.5-all36-seed20260924/05,C:\Users\20723\Desktop\2026robocup\upstream-main-20260928\test-results\realcompetition-src1.5-all36-seed20260924\05,2492694,19,logs/evidence_archives/INDEX.zip,python tools/workspace_archive.py restore --prefix test-results/realcompetition-src1.5-all36-seed20260924/05,verified archive first; sparse tracked files; delete archived residuals
test-results/realcompetition-src1.5-all36-seed20260924/06,C:\Users\20723\Desktop\2026robocup\upstream-main-20260928\test-results\realcompetition-src1.5-all36-seed20260924\06,2644898,21,logs/evidence_archives/INDEX.zip,python tools/workspace_archive.py restore --prefix test-results/realcompetition-src1.5-all36-seed20260924/06,verified archive first; sparse tracked files; delete archived residuals
test-results/realcompetition-src1.5-all36-seed20260924/07,C:\Users\20723\Desktop\2026robocup\upstream-main-20260928\test-results\realcompetition-src1.5-all36-seed20260924\07,2603329,21,logs/evidence_archives/INDEX.zip,python tools/workspace_archive.py restore --prefix test-results/realcompetition-src1.5-all36-seed20260924/07,verified archive first; sparse tracked files; delete archived residuals
test-results/realcompetition-src1.5-all36-seed20260924/08,C:\Users\20723\Desktop\2026robocup\upstream-main-20260928\test-results\realcompetition-src1.5-all36-seed20260924\08,2543415,21,logs/evidence_archives/INDEX.zip,python tools/workspace_archive.py restore --prefix test-results/realcompetition-src1.5-all36-seed20260924/08,verified archive first; sparse tracked files; delete archived residuals
test-results/realcompetition-src1.5-all36-seed20260924/09,C:\Users\20723\Desktop\2026robocup\upstream-main-20260928\test-results\realcompetition-src1.5-all36-seed20260924\09,2525863,21,logs/evidence_archives/INDEX.zip,python tools/workspace_archive.py restore --prefix test-results/realcompetition-src1.5-all36-seed20260924/09,verified archive first; sparse tracked files; delete archived residuals
test-results/realcompetition-src1.5-all36-seed20260924/10,C:\Users\20723\Desktop\2026robocup\upstream-main-20260928\test-results\realcompetition-src1.5-all36-seed20260924\10,2500440,21,logs/evidence_archives/INDEX.zip,python tools/workspace_archive.py restore --prefix test-results/realcompetition-src1.5-all36-seed20260924/10,verified archive first; sparse tracked files; delete archived residuals
test-results/realcompetition-src1.5-all36-seed20260924/11,C:\Users\20723\Desktop\2026robocup\upstream-main-20260928\test-results\realcompetition-src1.5-all36-seed20260924\11,2555845,21,logs/evidence_archives/INDEX.zip,python tools/workspace_archive.py restore --prefix test-results/realcompetition-src1.5-all36-seed20260924/11,verified archive first; sparse tracked files; delete archived residuals
test-results/realcompetition-src1.5-all36-seed20260924/12,C:\Users\20723\Desktop\2026robocup\upstream-main-20260928\test-results\realcompetition-src1.5-all36-seed20260924\12,2501083,21,logs/evidence_archives/INDEX.zip,python tools/workspace_archive.py restore --prefix test-results/realcompetition-src1.5-all36-seed20260924/12,verified archive first; sparse tracked files; delete archived residuals
test-results/realcompetition-src1.5-all36-seed20260924/13,C:\Users\20723\Desktop\2026robocup\upstream-main-20260928\test-results\realcompetition-src1.5-all36-seed20260924\13,2539511,21,logs/evidence_archives/INDEX.zip,python tools/workspace_archive.py restore --prefix test-results/realcompetition-src1.5-all36-seed20260924/13,verified archive first; sparse tracked files; delete archived residuals
test-results/realcompetition-src1.5-all36-seed20260924/14,C:\Users\20723\Desktop\2026robocup\upstream-main-20260928\test-results\realcompetition-src1.5-all36-seed20260924\14,2532939,21,logs/evidence_archives/INDEX.zip,python tools/workspace_archive.py restore --prefix test-results/realcompetition-src1.5-all36-seed20260924/14,verified archive first; sparse tracked files; delete archived residuals
test-results/realcompetition-src1.5-all36-seed20260924/15,C:\Users\20723\Desktop\2026robocup\upstream-main-20260928\test-results\realcompetition-src1.5-all36-seed20260924\15,2499941,21,logs/evidence_archives/INDEX.zip,python tools/workspace_archive.py restore --prefix test-results/realcompetition-src1.5-all36-seed20260924/15,verified archive first; sparse tracked files; delete archived residuals
test-results/realcompetition-src1.5-all36-seed20260924/16,C:\Users\20723\Desktop\2026robocup\upstream-main-20260928\test-results\realcompetition-src1.5-all36-seed20260924\16,2508539,21,logs/evidence_archives/INDEX.zip,python tools/workspace_archive.py restore --prefix test-results/realcompetition-src1.5-all36-seed20260924/16,verified archive first; sparse tracked files; delete archived residuals
test-results/realcompetition-src1.5-all36-seed20260924/17,C:\Users\20723\Desktop\2026robocup\upstream-main-20260928\test-results\realcompetition-src1.5-all36-seed20260924\17,2493622,21,logs/evidence_archives/INDEX.zip,python tools/workspace_archive.py restore --prefix test-results/realcompetition-src1.5-all36-seed20260924/17,verified archive first; sparse tracked files; delete archived residuals
test-results/realcompetition-src1.5-all36-seed20260924/18,C:\Users\20723\Desktop\2026robocup\upstream-main-20260928\test-results\realcompetition-src1.5-all36-seed20260924\18,2522454,21,logs/evidence_archives/INDEX.zip,python tools/workspace_archive.py restore --prefix test-results/realcompetition-src1.5-all36-seed20260924/18,verified archive first; sparse tracked files; delete archived residuals
test-results/realcompetition-src1.5-all36-seed20260924/19,C:\Users\20723\Desktop\2026robocup\upstream-main-20260928\test-results\realcompetition-src1.5-all36-seed20260924\19,2605094,21,logs/evidence_archives/INDEX.zip,python tools/workspace_archive.py restore --prefix test-results/realcompetition-src1.5-all36-seed20260924/19,verified archive first; sparse tracked files; delete archived residuals
test-results/realcompetition-src1.5-all36-seed20260924/20,C:\Users\20723\Desktop\2026robocup\upstream-main-20260928\test-results\realcompetition-src1.5-all36-seed20260924\20,2623485,21,logs/evidence_archives/INDEX.zip,python tools/workspace_archive.py restore --prefix test-results/realcompetition-src1.5-all36-seed20260924/20,verified archive first; sparse tracked files; delete archived residuals
test-results/realcompetition-src1.5-all36-seed20260924/21,C:\Users\20723\Desktop\2026robocup\upstream-main-20260928\test-results\realcompetition-src1.5-all36-seed20260924\21,2621758,21,logs/evidence_archives/INDEX.zip,python tools/workspace_archive.py restore --prefix test-results/realcompetition-src1.5-all36-seed20260924/21,verified archive first; sparse tracked files; delete archived residuals
test-results/realcompetition-src1.5-all36-seed20260924/22,C:\Users\20723\Desktop\2026robocup\upstream-main-20260928\test-results\realcompetition-src1.5-all36-seed20260924\22,2722769,21,logs/evidence_archives/INDEX.zip,python tools/workspace_archive.py restore --prefix test-results/realcompetition-src1.5-all36-seed20260924/22,verified archive first; sparse tracked files; delete archived residuals
test-results/realcompetition-src1.5-all36-seed20260924/23,C:\Users\20723\Desktop\2026robocup\upstream-main-20260928\test-results\realcompetition-src1.5-all36-seed20260924\23,2722819,21,logs/evidence_archives/INDEX.zip,python tools/workspace_archive.py restore --prefix test-results/realcompetition-src1.5-all36-seed20260924/23,verified archive first; sparse tracked files; delete archived residuals
test-results/realcompetition-src1.5-all36-seed20260924/24,C:\Users\20723\Desktop\2026robocup\upstream-main-20260928\test-results\realcompetition-src1.5-all36-seed20260924\24,2722780,21,logs/evidence_archives/INDEX.zip,python tools/workspace_archive.py restore --prefix test-results/realcompetition-src1.5-all36-seed20260924/24,verified archive first; sparse tracked files; delete archived residuals
test-results/realcompetition-src1.5-all36-seed20260924/25,C:\Users\20723\Desktop\2026robocup\upstream-main-20260928\test-results\realcompetition-src1.5-all36-seed20260924\25,2635810,21,logs/evidence_archives/INDEX.zip,python tools/workspace_archive.py restore --prefix test-results/realcompetition-src1.5-all36-seed20260924/25,verified archive first; sparse tracked files; delete archived residuals
test-results/realcompetition-src1.5-all36-seed20260924/26,C:\Users\20723\Desktop\2026robocup\upstream-main-20260928\test-results\realcompetition-src1.5-all36-seed20260924\26,2635810,21,logs/evidence_archives/INDEX.zip,python tools/workspace_archive.py restore --prefix test-results/realcompetition-src1.5-all36-seed20260924/26,verified archive first; sparse tracked files; delete archived residuals
test-results/realcompetition-src1.5-all36-seed20260924/27,C:\Users\20723\Desktop\2026robocup\upstream-main-20260928\test-results\realcompetition-src1.5-all36-seed20260924\27,2635905,21,logs/evidence_archives/INDEX.zip,python tools/workspace_archive.py restore --prefix test-results/realcompetition-src1.5-all36-seed20260924/27,verified archive first; sparse tracked files; delete archived residuals
test-results/realcompetition-src1.5-all36-seed20260924/28,C:\Users\20723\Desktop\2026robocup\upstream-main-20260928\test-results\realcompetition-src1.5-all36-seed20260924\28,2605094,21,logs/evidence_archives/INDEX.zip,python tools/workspace_archive.py restore --prefix test-results/realcompetition-src1.5-all36-seed20260924/28,verified archive first; sparse tracked files; delete archived residuals
test-results/realcompetition-src1.5-all36-seed20260924/29,C:\Users\20723\Desktop\2026robocup\upstream-main-20260928\test-results\realcompetition-src1.5-all36-seed20260924\29,2614878,21,logs/evidence_archives/INDEX.zip,python tools/workspace_archive.py restore --prefix test-results/realcompetition-src1.5-all36-seed20260924/29,verified archive first; sparse tracked files; delete archived residuals
test-results/realcompetition-src1.5-all36-seed20260924/30,C:\Users\20723\Desktop\2026robocup\upstream-main-20260928\test-results\realcompetition-src1.5-all36-seed20260924\30,2645144,21,logs/evidence_archives/INDEX.zip,python tools/workspace_archive.py restore --prefix test-results/realcompetition-src1.5-all36-seed20260924/30,verified archive first; sparse tracked files; delete archived residuals
test-results/realcompetition-src1.5-all36-seed20260924/31,C:\Users\20723\Desktop\2026robocup\upstream-main-20260928\test-results\realcompetition-src1.5-all36-seed20260924\31,2487584,21,logs/evidence_archives/INDEX.zip,python tools/workspace_archive.py restore --prefix test-results/realcompetition-src1.5-all36-seed20260924/31,verified archive first; sparse tracked files; delete archived residuals
test-results/realcompetition-src1.5-all36-seed20260924/32,C:\Users\20723\Desktop\2026robocup\upstream-main-20260928\test-results\realcompetition-src1.5-all36-seed20260924\32,2487473,21,logs/evidence_archives/INDEX.zip,python tools/workspace_archive.py restore --prefix test-results/realcompetition-src1.5-all36-seed20260924/32,verified archive first; sparse tracked files; delete archived residuals
test-results/realcompetition-src1.5-all36-seed20260924/33,C:\Users\20723\Desktop\2026robocup\upstream-main-20260928\test-results\realcompetition-src1.5-all36-seed20260924\33,2487458,21,logs/evidence_archives/INDEX.zip,python tools/workspace_archive.py restore --prefix test-results/realcompetition-src1.5-all36-seed20260924/33,verified archive first; sparse tracked files; delete archived residuals
test-results/realcompetition-src1.5-all36-seed20260924/34,C:\Users\20723\Desktop\2026robocup\upstream-main-20260928\test-results\realcompetition-src1.5-all36-seed20260924\34,3016903,21,logs/evidence_archives/INDEX.zip,python tools/workspace_archive.py restore --prefix test-results/realcompetition-src1.5-all36-seed20260924/34,verified archive first; sparse tracked files; delete archived residuals
test-results/realcompetition-src1.5-all36-seed20260924/35,C:\Users\20723\Desktop\2026robocup\upstream-main-20260928\test-results\realcompetition-src1.5-all36-seed20260924\35,3016786,21,logs/evidence_archives/INDEX.zip,python tools/workspace_archive.py restore --prefix test-results/realcompetition-src1.5-all36-seed20260924/35,verified archive first; sparse tracked files; delete archived residuals
test-results/realcompetition-src1.5-all36-seed20260924/36,C:\Users\20723\Desktop\2026robocup\upstream-main-20260928\test-results\realcompetition-src1.5-all36-seed20260924\36,2992221,21,logs/evidence_archives/INDEX.zip,python tools/workspace_archive.py restore --prefix test-results/realcompetition-src1.5-all36-seed20260924/36,verified archive first; sparse tracked files; delete archived residuals
test-results/realcompetition-src1.5-all36-seed20260924/build,C:\Users\20723\Desktop\2026robocup\upstream-main-20260928\test-results\realcompetition-src1.5-all36-seed20260924\build,9021309,3,logs/evidence_archives/INDEX.zip,python tools/workspace_archive.py restore --prefix test-results/realcompetition-src1.5-all36-seed20260924/build,verified archive first; sparse tracked files; delete archived residuals
test-results/realcompetition-src13-vs-src131-20260921/build-src1.3,C:\Users\20723\Desktop\2026robocup\upstream-main-20260928\test-results\realcompetition-src13-vs-src131-20260921\build-src1.3,6650441,3,logs/evidence_archives/INDEX.zip,python tools/workspace_archive.py restore --prefix test-results/realcompetition-src13-vs-src131-20260921/build-src1.3,verified archive first; sparse tracked files; delete archived residuals
test-results/realcompetition-src13-vs-src131-20260921/build-src1.3.1,C:\Users\20723\Desktop\2026robocup\upstream-main-20260928\test-results\realcompetition-src13-vs-src131-20260921\build-src1.3.1,6917160,3,logs/evidence_archives/INDEX.zip,python tools/workspace_archive.py restore --prefix test-results/realcompetition-src13-vs-src131-20260921/build-src1.3.1,verified archive first; sparse tracked files; delete archived residuals
test-results/realcompetition-src13-vs-src131-20260921/runs-src1.3-r1,C:\Users\20723\Desktop\2026robocup\upstream-main-20260928\test-results\realcompetition-src13-vs-src131-20260921\runs-src1.3-r1,89338791,748,logs/evidence_archives/INDEX.zip,python tools/workspace_archive.py restore --prefix test-results/realcompetition-src13-vs-src131-20260921/runs-src1.3-r1,verified archive first; sparse tracked files; delete archived residuals
test-results/realcompetition-src13-vs-src131-20260921/runs-src1.3-r2,C:\Users\20723\Desktop\2026robocup\upstream-main-20260928\test-results\realcompetition-src13-vs-src131-20260921\runs-src1.3-r2,89339041,748,logs/evidence_archives/INDEX.zip,python tools/workspace_archive.py restore --prefix test-results/realcompetition-src13-vs-src131-20260921/runs-src1.3-r2,verified archive first; sparse tracked files; delete archived residuals
test-results/realcompetition-src13-vs-src131-20260921/runs-src1.3.1-r1,C:\Users\20723\Desktop\2026robocup\upstream-main-20260928\test-results\realcompetition-src13-vs-src131-20260921\runs-src1.3.1-r1,89355263,748,logs/evidence_archives/INDEX.zip,python tools/workspace_archive.py restore --prefix test-results/realcompetition-src13-vs-src131-20260921/runs-src1.3.1-r1,verified archive first; sparse tracked files; delete archived residuals
test-results/realcompetition-src13-vs-src131-20260921/runs-src1.3.1-r2,C:\Users\20723\Desktop\2026robocup\upstream-main-20260928\test-results\realcompetition-src13-vs-src131-20260921\runs-src1.3.1-r2,89363881,748,logs/evidence_archives/INDEX.zip,python tools/workspace_archive.py restore --prefix test-results/realcompetition-src13-vs-src131-20260921/runs-src1.3.1-r2,verified archive first; sparse tracked files; delete archived residuals
test-results/realcompetition-src133-fixed-final-natural/src1.3.2,C:\Users\20723\Desktop\2026robocup\upstream-main-20260928\test-results\realcompetition-src133-fixed-final-natural\src1.3.2,93398237,766,logs/evidence_archives/INDEX.zip,python tools/workspace_archive.py restore --prefix test-results/realcompetition-src133-fixed-final-natural/src1.3.2,verified archive first; sparse tracked files; delete archived residuals
test-results/realcompetition-src133-fixed-final-natural/src1.3.3-fixed,C:\Users\20723\Desktop\2026robocup\upstream-main-20260928\test-results\realcompetition-src133-fixed-final-natural\src1.3.3-fixed,93238445,766,logs/evidence_archives/INDEX.zip,python tools/workspace_archive.py restore --prefix test-results/realcompetition-src133-fixed-final-natural/src1.3.3-fixed,verified archive first; sparse tracked files; delete archived residuals
test-results/realcompetition-src133-fixed-final-seed-20260923/build-src1.3.2,C:\Users\20723\Desktop\2026robocup\upstream-main-20260928\test-results\realcompetition-src133-fixed-final-seed-20260923\build-src1.3.2,7731927,3,logs/evidence_archives/INDEX.zip,python tools/workspace_archive.py restore --prefix test-results/realcompetition-src133-fixed-final-seed-20260923/build-src1.3.2,verified archive first; sparse tracked files; delete archived residuals
test-results/realcompetition-src133-fixed-final-seed-20260923/build-src1.3.3-fixed,C:\Users\20723\Desktop\2026robocup\upstream-main-20260928\test-results\realcompetition-src133-fixed-final-seed-20260923\build-src1.3.3-fixed,8511676,3,logs/evidence_archives/INDEX.zip,python tools/workspace_archive.py restore --prefix test-results/realcompetition-src133-fixed-final-seed-20260923/build-src1.3.3-fixed,verified archive first; sparse tracked files; delete archived residuals
test-results/realcompetition-src133-fixed-final-seed-20260923/src1.3.2,C:\Users\20723\Desktop\2026robocup\upstream-main-20260928\test-results\realcompetition-src133-fixed-final-seed-20260923\src1.3.2,93376103,766,logs/evidence_archives/INDEX.zip,python tools/workspace_archive.py restore --prefix test-results/realcompetition-src133-fixed-final-seed-20260923/src1.3.2,verified archive first; sparse tracked files; delete archived residuals
test-results/realcompetition-src133-fixed-final-seed-20260923/src1.3.3-fixed,C:\Users\20723\Desktop\2026robocup\upstream-main-20260928\test-results\realcompetition-src133-fixed-final-seed-20260923\src1.3.3-fixed,93422287,766,logs/evidence_archives/INDEX.zip,python tools/workspace_archive.py restore --prefix test-results/realcompetition-src133-fixed-final-seed-20260923/src1.3.3-fixed,verified archive first; sparse tracked files; delete archived residuals
test-results/realcompetition-src133-fixed-focus-r1/src1.3.2,C:\Users\20723\Desktop\2026robocup\upstream-main-20260928\test-results\realcompetition-src133-fixed-focus-r1\src1.3.2,5154565,44,logs/evidence_archives/INDEX.zip,python tools/workspace_archive.py restore --prefix test-results/realcompetition-src133-fixed-focus-r1/src1.3.2,verified archive first; sparse tracked files; delete archived residuals
test-results/realcompetition-src133-fixed-focus-r1/src1.3.3-fixed,C:\Users\20723\Desktop\2026robocup\upstream-main-20260928\test-results\realcompetition-src133-fixed-focus-r1\src1.3.3-fixed,5161187,44,logs/evidence_archives/INDEX.zip,python tools/workspace_archive.py restore --prefix test-results/realcompetition-src133-fixed-focus-r1/src1.3.3-fixed,verified archive first; sparse tracked files; delete archived residuals
test-results/realcompetition-src133-fixed-focus-r2/src1.3.2,C:\Users\20723\Desktop\2026robocup\upstream-main-20260928\test-results\realcompetition-src133-fixed-focus-r2\src1.3.2,5154558,44,logs/evidence_archives/INDEX.zip,python tools/workspace_archive.py restore --prefix test-results/realcompetition-src133-fixed-focus-r2/src1.3.2,verified archive first; sparse tracked files; delete archived residuals
test-results/realcompetition-src133-fixed-focus-r2/src1.3.3-fixed,C:\Users\20723\Desktop\2026robocup\upstream-main-20260928\test-results\realcompetition-src133-fixed-focus-r2\src1.3.3-fixed,5161186,44,logs/evidence_archives/INDEX.zip,python tools/workspace_archive.py restore --prefix test-results/realcompetition-src133-fixed-focus-r2/src1.3.3-fixed,verified archive first; sparse tracked files; delete archived residuals
test-results/realcompetition-src133-fixed-illegal-final/illegal-s1-01,C:\Users\20723\Desktop\2026robocup\upstream-main-20260928\test-results\realcompetition-src133-fixed-illegal-final\illegal-s1-01,2449390,21,logs/evidence_archives/INDEX.zip,python tools/workspace_archive.py restore --prefix test-results/realcompetition-src133-fixed-illegal-final/illegal-s1-01,verified archive first; sparse tracked files; delete archived residuals
test-results/realcompetition-src133-fixed-illegal-final/illegal-s1-02,C:\Users\20723\Desktop\2026robocup\upstream-main-20260928\test-results\realcompetition-src133-fixed-illegal-final\illegal-s1-02,2449953,21,logs/evidence_archives/INDEX.zip,python tools/workspace_archive.py restore --prefix test-results/realcompetition-src133-fixed-illegal-final/illegal-s1-02,verified archive first; sparse tracked files; delete archived residuals
test-results/realcompetition-src133-fixed-illegal-final/illegal-s1-03,C:\Users\20723\Desktop\2026robocup\upstream-main-20260928\test-results\realcompetition-src133-fixed-illegal-final\illegal-s1-03,2449400,21,logs/evidence_archives/INDEX.zip,python tools/workspace_archive.py restore --prefix test-results/realcompetition-src133-fixed-illegal-final/illegal-s1-03,verified archive first; sparse tracked files; delete archived residuals
test-results/realcompetition-src133-fixed-illegal-final/illegal-s1-04,C:\Users\20723\Desktop\2026robocup\upstream-main-20260928\test-results\realcompetition-src133-fixed-illegal-final\illegal-s1-04,2450716,20,logs/evidence_archives/INDEX.zip,python tools/workspace_archive.py restore --prefix test-results/realcompetition-src133-fixed-illegal-final/illegal-s1-04,verified archive first; sparse tracked files; delete archived residuals
test-results/realcompetition-src133-fixed-illegal-final/illegal-s1-05,C:\Users\20723\Desktop\2026robocup\upstream-main-20260928\test-results\realcompetition-src133-fixed-illegal-final\illegal-s1-05,2449030,19,logs/evidence_archives/INDEX.zip,python tools/workspace_archive.py restore --prefix test-results/realcompetition-src133-fixed-illegal-final/illegal-s1-05,verified archive first; sparse tracked files; delete archived residuals
test-results/realcompetition-src133-fixed-illegal-final/illegal-s1-06,C:\Users\20723\Desktop\2026robocup\upstream-main-20260928\test-results\realcompetition-src133-fixed-illegal-final\illegal-s1-06,2449282,21,logs/evidence_archives/INDEX.zip,python tools/workspace_archive.py restore --prefix test-results/realcompetition-src133-fixed-illegal-final/illegal-s1-06,verified archive first; sparse tracked files; delete archived residuals
test-results/realcompetition-src133-fixed-illegal-final/illegal-s1-07,C:\Users\20723\Desktop\2026robocup\upstream-main-20260928\test-results\realcompetition-src133-fixed-illegal-final\illegal-s1-07,2449553,21,logs/evidence_archives/INDEX.zip,python tools/workspace_archive.py restore --prefix test-results/realcompetition-src133-fixed-illegal-final/illegal-s1-07,verified archive first; sparse tracked files; delete archived residuals
test-results/realcompetition-src133-fixed-illegal-final/illegal-s1-08,C:\Users\20723\Desktop\2026robocup\upstream-main-20260928\test-results\realcompetition-src133-fixed-illegal-final\illegal-s1-08,2449283,21,logs/evidence_archives/INDEX.zip,python tools/workspace_archive.py restore --prefix test-results/realcompetition-src133-fixed-illegal-final/illegal-s1-08,verified archive first; sparse tracked files; delete archived residuals
test-results/realcompetition-src133-fixed-illegal-final/illegal-s1-09,C:\Users\20723\Desktop\2026robocup\upstream-main-20260928\test-results\realcompetition-src133-fixed-illegal-final\illegal-s1-09,2449478,21,logs/evidence_archives/INDEX.zip,python tools/workspace_archive.py restore --prefix test-results/realcompetition-src133-fixed-illegal-final/illegal-s1-09,verified archive first; sparse tracked files; delete archived residuals
test-results/realcompetition-src133-fixed-illegal-final/illegal-s1-10,C:\Users\20723\Desktop\2026robocup\upstream-main-20260928\test-results\realcompetition-src133-fixed-illegal-final\illegal-s1-10,2447130,20,logs/evidence_archives/INDEX.zip,python tools/workspace_archive.py restore --prefix test-results/realcompetition-src133-fixed-illegal-final/illegal-s1-10,verified archive first; sparse tracked files; delete archived residuals
test-results/realcompetition-src133-fixed-illegal-final/illegal-s2-01,C:\Users\20723\Desktop\2026robocup\upstream-main-20260928\test-results\realcompetition-src133-fixed-illegal-final\illegal-s2-01,2449633,21,logs/evidence_archives/INDEX.zip,python tools/workspace_archive.py restore --prefix test-results/realcompetition-src133-fixed-illegal-final/illegal-s2-01,verified archive first; sparse tracked files; delete archived residuals
test-results/realcompetition-src133-fixed-illegal-final/illegal-s2-02,C:\Users\20723\Desktop\2026robocup\upstream-main-20260928\test-results\realcompetition-src133-fixed-illegal-final\illegal-s2-02,2451372,21,logs/evidence_archives/INDEX.zip,python tools/workspace_archive.py restore --prefix test-results/realcompetition-src133-fixed-illegal-final/illegal-s2-02,verified archive first; sparse tracked files; delete archived residuals
test-results/realcompetition-src133-fixed-illegal-final/illegal-s2-03,C:\Users\20723\Desktop\2026robocup\upstream-main-20260928\test-results\realcompetition-src133-fixed-illegal-final\illegal-s2-03,2452173,21,logs/evidence_archives/INDEX.zip,python tools/workspace_archive.py restore --prefix test-results/realcompetition-src133-fixed-illegal-final/illegal-s2-03,verified archive first; sparse tracked files; delete archived residuals
test-results/realcompetition-src133-fixed-illegal-final/illegal-s2-04,C:\Users\20723\Desktop\2026robocup\upstream-main-20260928\test-results\realcompetition-src133-fixed-illegal-final\illegal-s2-04,2450935,21,logs/evidence_archives/INDEX.zip,python tools/workspace_archive.py restore --prefix test-results/realcompetition-src133-fixed-illegal-final/illegal-s2-04,verified archive first; sparse tracked files; delete archived residuals
test-results/realcompetition-src133-fixed-illegal-final/illegal-s2-05,C:\Users\20723\Desktop\2026robocup\upstream-main-20260928\test-results\realcompetition-src133-fixed-illegal-final\illegal-s2-05,2450815,20,logs/evidence_archives/INDEX.zip,python tools/workspace_archive.py restore --prefix test-results/realcompetition-src133-fixed-illegal-final/illegal-s2-05,verified archive first; sparse tracked files; delete archived residuals
test-results/realcompetition-src133-fixed-illegal-final/illegal-s2-06,C:\Users\20723\Desktop\2026robocup\upstream-main-20260928\test-results\realcompetition-src133-fixed-illegal-final\illegal-s2-06,2450730,19,logs/evidence_archives/INDEX.zip,python tools/workspace_archive.py restore --prefix test-results/realcompetition-src133-fixed-illegal-final/illegal-s2-06,verified archive first; sparse tracked files; delete archived residuals
test-results/realcompetition-src133-fixed-illegal-final/illegal-s2-07,C:\Users\20723\Desktop\2026robocup\upstream-main-20260928\test-results\realcompetition-src133-fixed-illegal-final\illegal-s2-07,2453288,21,logs/evidence_archives/INDEX.zip,python tools/workspace_archive.py restore --prefix test-results/realcompetition-src133-fixed-illegal-final/illegal-s2-07,verified archive first; sparse tracked files; delete archived residuals
test-results/realcompetition-src133-fixed-illegal-final/illegal-s2-08,C:\Users\20723\Desktop\2026robocup\upstream-main-20260928\test-results\realcompetition-src133-fixed-illegal-final\illegal-s2-08,2450962,21,logs/evidence_archives/INDEX.zip,python tools/workspace_archive.py restore --prefix test-results/realcompetition-src133-fixed-illegal-final/illegal-s2-08,verified archive first; sparse tracked files; delete archived residuals
test-results/realcompetition-src133-fixed-illegal-final/illegal-s2-09,C:\Users\20723\Desktop\2026robocup\upstream-main-20260928\test-results\realcompetition-src133-fixed-illegal-final\illegal-s2-09,2451131,21,logs/evidence_archives/INDEX.zip,python tools/workspace_archive.py restore --prefix test-results/realcompetition-src133-fixed-illegal-final/illegal-s2-09,verified archive first; sparse tracked files; delete archived residuals
test-results/realcompetition-src133-fixed-illegal-final/illegal-s2-10,C:\Users\20723\Desktop\2026robocup\upstream-main-20260928\test-results\realcompetition-src133-fixed-illegal-final\illegal-s2-10,2445907,16,logs/evidence_archives/INDEX.zip,python tools/workspace_archive.py restore --prefix test-results/realcompetition-src133-fixed-illegal-final/illegal-s2-10,verified archive first; sparse tracked files; delete archived residuals
test-results/realcompetition-src133-fixed-native-r1/build-src1.3.2,C:\Users\20723\Desktop\2026robocup\upstream-main-20260928\test-results\realcompetition-src133-fixed-native-r1\build-src1.3.2,7731994,3,logs/evidence_archives/INDEX.zip,python tools/workspace_archive.py restore --prefix test-results/realcompetition-src133-fixed-native-r1/build-src1.3.2,verified archive first; sparse tracked files; delete archived residuals
test-results/realcompetition-src133-fixed-native-r1/build-src1.3.3-fixed,C:\Users\20723\Desktop\2026robocup\upstream-main-20260928\test-results\realcompetition-src133-fixed-native-r1\build-src1.3.3-fixed,8504071,3,logs/evidence_archives/INDEX.zip,python tools/workspace_archive.py restore --prefix test-results/realcompetition-src133-fixed-native-r1/build-src1.3.3-fixed,verified archive first; sparse tracked files; delete archived residuals
test-results/realcompetition-src133-fixed-native-r1/src1.3.2,C:\Users\20723\Desktop\2026robocup\upstream-main-20260928\test-results\realcompetition-src133-fixed-native-r1\src1.3.2,2531710,22,logs/evidence_archives/INDEX.zip,python tools/workspace_archive.py restore --prefix test-results/realcompetition-src133-fixed-native-r1/src1.3.2,verified archive first; sparse tracked files; delete archived residuals
test-results/realcompetition-src133-fixed-native-r1/src1.3.3-fixed,C:\Users\20723\Desktop\2026robocup\upstream-main-20260928\test-results\realcompetition-src133-fixed-native-r1\src1.3.3-fixed,2533071,22,logs/evidence_archives/INDEX.zip,python tools/workspace_archive.py restore --prefix test-results/realcompetition-src133-fixed-native-r1/src1.3.3-fixed,verified archive first; sparse tracked files; delete archived residuals
test-results/realcompetition-src133-fixed-native-r2/src1.3.2,C:\Users\20723\Desktop\2026robocup\upstream-main-20260928\test-results\realcompetition-src133-fixed-native-r2\src1.3.2,2444839,12,logs/evidence_archives/INDEX.zip,python tools/workspace_archive.py restore --prefix test-results/realcompetition-src133-fixed-native-r2/src1.3.2,verified archive first; sparse tracked files; delete archived residuals
test-results/realcompetition-src133-fixed-native-r3/src1.3.2,C:\Users\20723\Desktop\2026robocup\upstream-main-20260928\test-results\realcompetition-src133-fixed-native-r3\src1.3.2,93208359,766,logs/evidence_archives/INDEX.zip,python tools/workspace_archive.py restore --prefix test-results/realcompetition-src133-fixed-native-r3/src1.3.2,verified archive first; sparse tracked files; delete archived residuals
test-results/realcompetition-src133-fixed-native-r3/src1.3.3-fixed,C:\Users\20723\Desktop\2026robocup\upstream-main-20260928\test-results\realcompetition-src133-fixed-native-r3\src1.3.3-fixed,93357064,766,logs/evidence_archives/INDEX.zip,python tools/workspace_archive.py restore --prefix test-results/realcompetition-src133-fixed-native-r3/src1.3.3-fixed,verified archive first; sparse tracked files; delete archived residuals
test-results/realcompetition-src133-fixed-repaired-pair-final/src1.3.2,C:\Users\20723\Desktop\2026robocup\upstream-main-20260928\test-results\realcompetition-src133-fixed-repaired-pair-final\src1.3.2,4987104,44,logs/evidence_archives/INDEX.zip,python tools/workspace_archive.py restore --prefix test-results/realcompetition-src133-fixed-repaired-pair-final/src1.3.2,verified archive first; sparse tracked files; delete archived residuals
test-results/realcompetition-src133-fixed-repaired-pair-final/src1.3.3-fixed,C:\Users\20723\Desktop\2026robocup\upstream-main-20260928\test-results\realcompetition-src133-fixed-repaired-pair-final\src1.3.3-fixed,4987552,44,logs/evidence_archives/INDEX.zip,python tools/workspace_archive.py restore --prefix test-results/realcompetition-src133-fixed-repaired-pair-final/src1.3.3-fixed,verified archive first; sparse tracked files; delete archived residuals
test-results/realcompetition-src133-fixed-replay-final/runs-1.3.2,C:\Users\20723\Desktop\2026robocup\upstream-main-20260928\test-results\realcompetition-src133-fixed-replay-final\runs-1.3.2,3649061,66,logs/evidence_archives/INDEX.zip,python tools/workspace_archive.py restore --prefix test-results/realcompetition-src133-fixed-replay-final/runs-1.3.2,verified archive first; sparse tracked files; delete archived residuals
test-results/realcompetition-src133-fixed-replay-final/runs-1.3.3-fixed,C:\Users\20723\Desktop\2026robocup\upstream-main-20260928\test-results\realcompetition-src133-fixed-replay-final\runs-1.3.3-fixed,3648721,66,logs/evidence_archives/INDEX.zip,python tools/workspace_archive.py restore --prefix test-results/realcompetition-src133-fixed-replay-final/runs-1.3.3-fixed,verified archive first; sparse tracked files; delete archived residuals
test-results/realcompetition-src133-fixed-seed-final/src1.3.2,C:\Users\20723\Desktop\2026robocup\upstream-main-20260928\test-results\realcompetition-src133-fixed-seed-final\src1.3.2,93311293,766,logs/evidence_archives/INDEX.zip,python tools/workspace_archive.py restore --prefix test-results/realcompetition-src133-fixed-seed-final/src1.3.2,verified archive first; sparse tracked files; delete archived residuals
test-results/realcompetition-src133-fixed-seed-final/src1.3.3-fixed,C:\Users\20723\Desktop\2026robocup\upstream-main-20260928\test-results\realcompetition-src133-fixed-seed-final\src1.3.3-fixed,93469587,766,logs/evidence_archives/INDEX.zip,python tools/workspace_archive.py restore --prefix test-results/realcompetition-src133-fixed-seed-final/src1.3.3-fixed,verified archive first; sparse tracked files; delete archived residuals
test-results/realcompetition-src133-fixed-seed20260923/build-src1.3.2,C:\Users\20723\Desktop\2026robocup\upstream-main-20260928\test-results\realcompetition-src133-fixed-seed20260923\build-src1.3.2,7731997,3,logs/evidence_archives/INDEX.zip,python tools/workspace_archive.py restore --prefix test-results/realcompetition-src133-fixed-seed20260923/build-src1.3.2,verified archive first; sparse tracked files; delete archived residuals
test-results/realcompetition-src133-fixed-seed20260923/build-src1.3.3-fixed,C:\Users\20723\Desktop\2026robocup\upstream-main-20260928\test-results\realcompetition-src133-fixed-seed20260923\build-src1.3.3-fixed,8512074,3,logs/evidence_archives/INDEX.zip,python tools/workspace_archive.py restore --prefix test-results/realcompetition-src133-fixed-seed20260923/build-src1.3.3-fixed,verified archive first; sparse tracked files; delete archived residuals
test-results/realcompetition-src133-fixed-seed20260923/src1.3.2,C:\Users\20723\Desktop\2026robocup\upstream-main-20260928\test-results\realcompetition-src133-fixed-seed20260923\src1.3.2,93386600,766,logs/evidence_archives/INDEX.zip,python tools/workspace_archive.py restore --prefix test-results/realcompetition-src133-fixed-seed20260923/src1.3.2,verified archive first; sparse tracked files; delete archived residuals
test-results/realcompetition-src133-fixed-seed20260923/src1.3.3-fixed,C:\Users\20723\Desktop\2026robocup\upstream-main-20260928\test-results\realcompetition-src133-fixed-seed20260923\src1.3.3-fixed,94133605,766,logs/evidence_archives/INDEX.zip,python tools/workspace_archive.py restore --prefix test-results/realcompetition-src133-fixed-seed20260923/src1.3.3-fixed,verified archive first; sparse tracked files; delete archived residuals
test-results/src1.6-acceptance-20260925/highscore,C:\Users\20723\Desktop\2026robocup\upstream-main-20260928\test-results\src1.6-acceptance-20260925\highscore,85882,3,logs/evidence_archives/INDEX.zip,python tools/workspace_archive.py restore --prefix test-results/src1.6-acceptance-20260925/highscore,verified archive first; sparse tracked files; delete archived residuals
test-results/src1.6-acceptance-20260925/stress,C:\Users\20723\Desktop\2026robocup\upstream-main-20260928\test-results\src1.6-acceptance-20260925\stress,120315,3,logs/evidence_archives/INDEX.zip,python tools/workspace_archive.py restore --prefix test-results/src1.6-acceptance-20260925/stress,verified archive first; sparse tracked files; delete archived residuals
validation/review-20261004/checks,C:\Users\20723\Desktop\2026robocup\upstream-main-20260928\validation\review-20261004\checks,29866437,0,logs/evidence_archives/INDEX.zip,python tools/workspace_archive.py restore --prefix validation/review-20261004/checks,verified archive first; sparse tracked files; delete archived residuals
validation/review-20261004/frozen-comparison,C:\Users\20723\Desktop\2026robocup\upstream-main-20260928\validation\review-20261004\frozen-comparison,0,0,logs/evidence_archives/INDEX.zip,python tools/workspace_archive.py restore --prefix validation/review-20261004/frozen-comparison,verified archive first; sparse tracked files; delete archived residuals
validation/review-20261004/frozen-comparison-v2,C:\Users\20723\Desktop\2026robocup\upstream-main-20260928\validation\review-20261004\frozen-comparison-v2,0,0,logs/evidence_archives/INDEX.zip,python tools/workspace_archive.py restore --prefix validation/review-20261004/frozen-comparison-v2,verified archive first; sparse tracked files; delete archived residuals
validation/review-20261004/frozen-comparison-v3,C:\Users\20723\Desktop\2026robocup\upstream-main-20260928\validation\review-20261004\frozen-comparison-v3,1086064665,0,logs/evidence_archives/INDEX.zip,python tools/workspace_archive.py restore --prefix validation/review-20261004/frozen-comparison-v3,verified archive first; sparse tracked files; delete archived residuals
validation/review-20261004/renamed-builds,C:\Users\20723\Desktop\2026robocup\upstream-main-20260928\validation\review-20261004\renamed-builds,45539708,0,logs/evidence_archives/INDEX.zip,python tools/workspace_archive.py restore --prefix validation/review-20261004/renamed-builds,verified archive first; sparse tracked files; delete archived residuals
validation/review175-20261004/checks,C:\Users\20723\Desktop\2026robocup\upstream-main-20260928\validation\review175-20261004\checks,13019568,7,logs/evidence_archives/INDEX.zip,python tools/workspace_archive.py restore --prefix validation/review175-20261004/checks,verified archive first; sparse tracked files; delete archived residuals
validation/review175-20261004/frozen-competition,C:\Users\20723\Desktop\2026robocup\upstream-main-20260928\validation\review175-20261004\frozen-competition,211228148,0,logs/evidence_archives/INDEX.zip,python tools/workspace_archive.py restore --prefix validation/review175-20261004/frozen-competition,verified archive first; sparse tracked files; delete archived residuals
validation/review175-20261004/frozen-v1,C:\Users\20723\Desktop\2026robocup\upstream-main-20260928\validation\review175-20261004\frozen-v1,0,0,logs/evidence_archives/INDEX.zip,python tools/workspace_archive.py restore --prefix validation/review175-20261004/frozen-v1,verified archive first; sparse tracked files; delete archived residuals
validation/review175-20261004/frozen-v2,C:\Users\20723\Desktop\2026robocup\upstream-main-20260928\validation\review175-20261004\frozen-v2,19208750,0,logs/evidence_archives/INDEX.zip,python tools/workspace_archive.py restore --prefix validation/review175-20261004/frozen-v2,verified archive first; sparse tracked files; delete archived residuals
validation/review175-20261004/frozen-v3,C:\Users\20723\Desktop\2026robocup\upstream-main-20260928\validation\review175-20261004\frozen-v3,2981837,0,logs/evidence_archives/INDEX.zip,python tools/workspace_archive.py restore --prefix validation/review175-20261004/frozen-v3,verified archive first; sparse tracked files; delete archived residuals
validation/review175-20261004/frozen-v4,C:\Users\20723\Desktop\2026robocup\upstream-main-20260928\validation\review175-20261004\frozen-v4,32477331,0,logs/evidence_archives/INDEX.zip,python tools/workspace_archive.py restore --prefix validation/review175-20261004/frozen-v4,verified archive first; sparse tracked files; delete archived residuals
validation/review175-20261004/frozen-v5,C:\Users\20723\Desktop\2026robocup\upstream-main-20260928\validation\review175-20261004\frozen-v5,1154009548,0,logs/evidence_archives/INDEX.zip,python tools/workspace_archive.py restore --prefix validation/review175-20261004/frozen-v5,verified archive first; sparse tracked files; delete archived residuals
validation/review176-20261004/checks,C:\Users\20723\Desktop\2026robocup\upstream-main-20260928\validation\review176-20261004\checks,1150741,13,logs/evidence_archives/INDEX.zip,python tools/workspace_archive.py restore --prefix validation/review176-20261004/checks,verified archive first; sparse tracked files; delete archived residuals
validation/review176-20261004/raw,C:\Users\20723\Desktop\2026robocup\upstream-main-20260928\validation\review176-20261004\raw,1563208406,0,logs/evidence_archives/INDEX.zip,python tools/workspace_archive.py restore --prefix validation/review176-20261004/raw,verified archive first; sparse tracked files; delete archived residuals
validation/review177-100-20261004/assets,C:\Users\20723\Desktop\2026robocup\upstream-main-20260928\validation\review177-100-20261004\assets,2532,0,logs/evidence_archives/INDEX.zip,python tools/workspace_archive.py restore --prefix validation/review177-100-20261004/assets,verified archive first; sparse tracked files; delete archived residuals
validation/review177-100-20261004/author-draft-01,C:\Users\20723\Desktop\2026robocup\upstream-main-20260928\validation\review177-100-20261004\author-draft-01,29821,0,logs/evidence_archives/INDEX.zip,python tools/workspace_archive.py restore --prefix validation/review177-100-20261004/author-draft-01,verified archive first; sparse tracked files; delete archived residuals
validation/review177-100-20261004/author-draft-02,C:\Users\20723\Desktop\2026robocup\upstream-main-20260928\validation\review177-100-20261004\author-draft-02,1245319,0,logs/evidence_archives/INDEX.zip,python tools/workspace_archive.py restore --prefix validation/review177-100-20261004/author-draft-02,verified archive first; sparse tracked files; delete archived residuals
validation/review177-100-20261004/author-draft-03,C:\Users\20723\Desktop\2026robocup\upstream-main-20260928\validation\review177-100-20261004\author-draft-03,1316559,0,logs/evidence_archives/INDEX.zip,python tools/workspace_archive.py restore --prefix validation/review177-100-20261004/author-draft-03,verified archive first; sparse tracked files; delete archived residuals
validation/review177-100-20261004/author-draft-04,C:\Users\20723\Desktop\2026robocup\upstream-main-20260928\validation\review177-100-20261004\author-draft-04,1715785,0,logs/evidence_archives/INDEX.zip,python tools/workspace_archive.py restore --prefix validation/review177-100-20261004/author-draft-04,verified archive first; sparse tracked files; delete archived residuals
validation/review177-100-20261004/author-draft-05,C:\Users\20723\Desktop\2026robocup\upstream-main-20260928\validation\review177-100-20261004\author-draft-05,984815,0,logs/evidence_archives/INDEX.zip,python tools/workspace_archive.py restore --prefix validation/review177-100-20261004/author-draft-05,verified archive first; sparse tracked files; delete archived residuals
validation/review177-100-20261004/author-draft-06,C:\Users\20723\Desktop\2026robocup\upstream-main-20260928\validation\review177-100-20261004\author-draft-06,549178,0,logs/evidence_archives/INDEX.zip,python tools/workspace_archive.py restore --prefix validation/review177-100-20261004/author-draft-06,verified archive first; sparse tracked files; delete archived residuals
validation/review177-100-20261004/author-draft-07,C:\Users\20723\Desktop\2026robocup\upstream-main-20260928\validation\review177-100-20261004\author-draft-07,1715649,0,logs/evidence_archives/INDEX.zip,python tools/workspace_archive.py restore --prefix validation/review177-100-20261004/author-draft-07,verified archive first; sparse tracked files; delete archived residuals
validation/review177-100-20261004/author-draft-08,C:\Users\20723\Desktop\2026robocup\upstream-main-20260928\validation\review177-100-20261004\author-draft-08,1714979,0,logs/evidence_archives/INDEX.zip,python tools/workspace_archive.py restore --prefix validation/review177-100-20261004/author-draft-08,verified archive first; sparse tracked files; delete archived residuals
validation/review177-100-20261004/builds,C:\Users\20723\Desktop\2026robocup\upstream-main-20260928\validation\review177-100-20261004\builds,58317546,0,logs/evidence_archives/INDEX.zip,python tools/workspace_archive.py restore --prefix validation/review177-100-20261004/builds,verified archive first; sparse tracked files; delete archived residuals
validation/review177-100-20261004/checks,C:\Users\20723\Desktop\2026robocup\upstream-main-20260928\validation\review177-100-20261004\checks,101400687,12,logs/evidence_archives/INDEX.zip,python tools/workspace_archive.py restore --prefix validation/review177-100-20261004/checks,verified archive first; sparse tracked files; delete archived residuals
validation/review177-100-20261004/experiment,C:\Users\20723\Desktop\2026robocup\upstream-main-20260928\validation\review177-100-20261004\experiment,1197395,40,logs/evidence_archives/INDEX.zip,python tools/workspace_archive.py restore --prefix validation/review177-100-20261004/experiment,verified archive first; sparse tracked files; delete archived residuals
validation/review177-100-20261004/preflight,C:\Users\20723\Desktop\2026robocup\upstream-main-20260928\validation\review177-100-20261004\preflight,1827079,0,logs/evidence_archives/INDEX.zip,python tools/workspace_archive.py restore --prefix validation/review177-100-20261004/preflight,verified archive first; sparse tracked files; delete archived residuals
validation/review177-100-20261004/runs,C:\Users\20723\Desktop\2026robocup\upstream-main-20260928\validation\review177-100-20261004\runs,456890664,0,logs/evidence_archives/INDEX.zip,python tools/workspace_archive.py restore --prefix validation/review177-100-20261004/runs,verified archive first; sparse tracked files; delete archived residuals
validation/review177-20261004/checks,C:\Users\20723\Desktop\2026robocup\upstream-main-20260928\validation\review177-20261004\checks,176946,10,logs/evidence_archives/INDEX.zip,python tools/workspace_archive.py restore --prefix validation/review177-20261004/checks,verified archive first; sparse tracked files; delete archived residuals
validation/review177-20261004/raw,C:\Users\20723\Desktop\2026robocup\upstream-main-20260928\validation\review177-20261004\raw,903728372,0,logs/evidence_archives/INDEX.zip,python tools/workspace_archive.py restore --prefix validation/review177-20261004/raw,verified archive first; sparse tracked files; delete archived residuals
